10	ATGA	0.85988
99	GTT	4.388465
11	-----	4.388465
37	---	4.388465
42	CAC	4.388465
51	--	4.388465
28	A	2.821794
23	-	4.388465
40	GTAC	4.388465
83	GGCTAAC	1.472221
94	---------	4.388465
49	TTTTCCCTATGCAAGC	4.388465
29	TGTTCAG	4.388465
85	ATGTAACACC	2.529136
52	GA	4.388465
27	-------	4.388465
50	TGAGATG	4.388465
78	ACCG	4.388465
88	------	4.388465
30	--	4.388465
2	GGACT	4.388465
34	-	4.388465
97	CCAACGCTATCACA	4.388465
9	CT	1.956883
77	ATGGAGTACATGAGGACAGGCAGG	4.388465
60	-	2.268544
76	-------	4.388465
68	A	4.388465
80	TGCC	4.388465
55	-----	4.388465
26	AA	4.388465
66	ACA	4.388465
31	----	1.849487
12	--------------	4.388465
25	-----	2.322939
6	----	4.388465
57	----------------	4.388465
92	---	2.838967
73	-------	4.388465
67	--	4.388465
53	------------------	1.739309
16	----	4.388465
95	G	4.388465
100	GTCGATACCTTCGTGAGA	4.388465
45	---	2.190344
91	-------------------------	2.812811
61	---------	4.388465
35	--	4.388465
86	---	4.041819
46	TAGGGCT	4.388465
96	AGACAGTAGGATGAGT	4.388465
58	TGGC	4.388465
75	GCTACAGTGAC	2.631181
38	CGTCA	2.631181
32	ATGTTAATTTA	4.388465
79	-----	4.388465
63	CGA	4.388465
15	GTTTCCTTT	4.388465
20	CAGTG	4.388465
84	-	4.388465
43	GCTACAT	4.388465
24	AGC	3.142259
87	AATCC	4.388465
56	A	4.388465
47	---	4.388465
59	-	4.388465
44	AATTTATC	4.388465
72	CTTGTTTCGGTCAGAGCTGGA	4.388465
