"","parent","node","branch.length","label","isTip","x","y","branch","angle","group"
"1",661,1,1,"ASV277",TRUE,3,658,2.5,360,"CP01"
"2",661,2,1,"ASV656",TRUE,3,657,2.5,359.452887537994,"CP01"
"3",661,3,1,"ASV075",TRUE,3,656,2.5,358.905775075988,"CP01"
"4",661,4,0,"ASV058",TRUE,2,655,2,358.358662613982,"CP01"
"5",662,5,1,"ASV538",TRUE,3,654,2.5,357.811550151976,"CP01"
"6",662,6,1,"ASV219",TRUE,3,653,2.5,357.26443768997,"CP01"
"7",662,7,0,"ASV425",TRUE,2,652,2,356.717325227963,"CP01"
"8",663,8,1,"ASV363",TRUE,3,651,2.5,356.170212765957,"CP01"
"9",663,9,0,"ASV177",TRUE,2,650,2,355.623100303951,"CP01"
"10",664,10,1,"ASV333",TRUE,3,649,2.5,355.075987841945,"CP01"
"11",664,11,0,"ASV317",TRUE,2,648,2,354.528875379939,"CP01"
"12",665,12,1,"ASV191",TRUE,3,647,2.5,353.981762917933,"CP01"
"13",665,13,0,"ASV042",TRUE,2,646,2,353.434650455927,"CP01"
"14",666,14,1,"ASV209",TRUE,3,645,2.5,352.887537993921,"CP01"
"15",666,15,0,"ASV029",TRUE,2,644,2,352.340425531915,"CP01"
"16",660,16,1,"ASV616",TRUE,2,643,1.5,351.793313069909,"CP01"
"17",660,17,1,"ASV024",TRUE,2,642,1.5,351.246200607903,"CP01"
"18",660,18,1,"ASV065",TRUE,2,641,1.5,350.699088145897,"CP01"
"19",660,19,1,"ASV046",TRUE,2,640,1.5,350.151975683891,"CP01"
"20",660,20,1,"ASV409",TRUE,2,639,1.5,349.604863221885,"CP01"
"21",660,21,1,"ASV179",TRUE,2,638,1.5,349.057750759878,"CP01"
"22",660,22,1,"ASV069",TRUE,2,637,1.5,348.510638297872,"CP01"
"23",660,23,1,"ASV080",TRUE,2,636,1.5,347.963525835866,"CP01"
"24",660,24,1,"ASV293",TRUE,2,635,1.5,347.41641337386,"CP01"
"25",660,25,2,"ASV536",TRUE,3,634,2,346.869300911854,"CP01"
"26",660,26,1,"ASV223",TRUE,2,633,1.5,346.322188449848,"CP01"
"27",660,27,1,"ASV535",TRUE,2,632,1.5,345.775075987842,"CP01"
"28",660,28,1,"ASV063",TRUE,2,631,1.5,345.227963525836,"CP01"
"29",660,29,1,"ASV446",TRUE,2,630,1.5,344.68085106383,"CP01"
"30",660,30,1,"ASV178",TRUE,2,629,1.5,344.133738601824,"CP01"
"31",660,31,1,"ASV050",TRUE,2,628,1.5,343.586626139818,"CP01"
"32",660,32,1,"ASV580",TRUE,2,627,1.5,343.039513677812,"CP01"
"33",660,33,1,"ASV039",TRUE,2,626,1.5,342.492401215805,"CP01"
"34",660,34,1,"ASV152",TRUE,2,625,1.5,341.945288753799,"CP01"
"35",660,35,1,"ASV467",TRUE,2,624,1.5,341.398176291793,"CP01"
"36",660,36,1,"ASV509",TRUE,2,623,1.5,340.851063829787,"CP01"
"37",660,37,1,"ASV383",TRUE,2,622,1.5,340.303951367781,"CP01"
"38",660,38,1,"ASV466",TRUE,2,621,1.5,339.756838905775,"CP01"
"39",660,39,1,"ASV218",TRUE,2,620,1.5,339.209726443769,"CP01"
"40",660,40,1,"ASV217",TRUE,2,619,1.5,338.662613981763,"CP01"
"41",660,41,1,"ASV276",TRUE,2,618,1.5,338.115501519757,"CP01"
"42",660,42,1,"ASV615",TRUE,2,617,1.5,337.568389057751,"CP01"
"43",660,43,1,"ASV119",TRUE,2,616,1.5,337.021276595745,"CP01"
"44",660,44,1,"ASV534",TRUE,2,615,1.5,336.474164133739,"CP01"
"45",660,45,1,"ASV142",TRUE,2,614,1.5,335.927051671732,"CP01"
"46",660,46,1,"ASV023",TRUE,2,613,1.5,335.379939209726,"CP01"
"47",660,47,1,"ASV655",TRUE,2,612,1.5,334.83282674772,"CP01"
"48",660,48,2,"ASV392",TRUE,3,611,2,334.285714285714,"CP01"
"49",660,49,1,"ASV533",TRUE,2,610,1.5,333.738601823708,"CP01"
"50",660,50,1,"ASV095",TRUE,2,609,1.5,333.191489361702,"CP01"
"51",660,51,1,"ASV040",TRUE,2,608,1.5,332.644376899696,"CP01"
"52",660,52,1,"ASV316",TRUE,2,607,1.5,332.09726443769,"CP01"
"53",660,53,1,"ASV116",TRUE,2,606,1.5,331.550151975684,"CP01"
"54",660,54,1,"ASV254",TRUE,2,605,1.5,331.003039513678,"CP01"
"55",660,55,1,"ASV465",TRUE,2,604,1.5,330.455927051672,"CP01"
"56",660,56,1,"ASV445",TRUE,2,603,1.5,329.908814589666,"CP01"
"57",660,57,1,"ASV362",TRUE,2,602,1.5,329.36170212766,"CP01"
"58",660,58,1,"ASV315",TRUE,2,601,1.5,328.814589665654,"CP01"
"59",660,59,1,"ASV559",TRUE,2,600,1.5,328.267477203647,"CP01"
"60",660,60,1,"ASV382",TRUE,2,599,1.5,327.720364741641,"CP01"
"61",660,61,1,"ASV408",TRUE,2,598,1.5,327.173252279635,"CP01"
"62",660,62,1,"ASV391",TRUE,2,597,1.5,326.626139817629,"CP01"
"63",660,63,1,"ASV614",TRUE,2,596,1.5,326.079027355623,"CP01"
"64",660,64,1,"ASV613",TRUE,2,595,1.5,325.531914893617,"CP01"
"65",660,65,1,"ASV464",TRUE,2,594,1.5,324.984802431611,"CP01"
"66",660,66,1,"ASV390",TRUE,2,593,1.5,324.437689969605,"CP01"
"67",660,67,1,"ASV508",TRUE,2,592,1.5,323.890577507599,"CP01"
"68",660,68,1,"ASV612",TRUE,2,591,1.5,323.343465045593,"CP01"
"69",660,69,0,"ASV001",TRUE,1,590,1,322.796352583587,"CP01"
"70",668,70,1,"ASV202",TRUE,3,589,2.5,322.24924012158,"CP02"
"71",668,71,1,"ASV311",TRUE,3,588,2.5,321.702127659574,"CP02"
"72",668,72,1,"ASV377",TRUE,3,587,2.5,321.155015197568,"CP02"
"73",668,73,1,"ASV282",TRUE,3,586,2.5,320.607902735562,"CP02"
"74",668,74,0,"ASV205",TRUE,2,585,2,320.060790273556,"CP02"
"75",669,75,1,"ASV206",TRUE,3,584,2.5,319.51367781155,"CP02"
"76",669,76,2,"ASV651",TRUE,4,583,3,318.966565349544,"CP02"
"77",669,77,1,"ASV379",TRUE,3,582,2.5,318.419452887538,"CP02"
"78",669,78,0,"ASV115",TRUE,2,581,2,317.872340425532,"CP02"
"79",670,79,1,"ASV487",TRUE,3,580,2.5,317.325227963526,"CP02"
"80",670,80,1,"ASV646",TRUE,3,579,2.5,316.77811550152,"CP02"
"81",670,81,1,"ASV324",TRUE,3,578,2.5,316.231003039514,"CP02"
"82",670,82,0,"ASV164",TRUE,2,577,2,315.683890577508,"CP02"
"83",671,83,1,"ASV654",TRUE,3,576,2.5,315.136778115501,"CP02"
"84",671,84,1,"ASV068",TRUE,3,575,2.5,314.589665653495,"CP02"
"85",671,85,0,"ASV109",TRUE,2,574,2,314.042553191489,"CP02"
"86",672,86,1,"ASV226",TRUE,3,573,2.5,313.495440729483,"CP02"
"87",672,87,0,"ASV309",TRUE,2,572,2,312.948328267477,"CP02"
"88",673,88,2,"ASV129",TRUE,4,571,3,312.401215805471,"CP02"
"89",673,89,0,"ASV128",TRUE,2,570,2,311.854103343465,"CP02"
"90",667,90,2,"ASV649",TRUE,3,569,2,311.306990881459,"CP02"
"91",667,91,1,"ASV500",TRUE,2,568,1.5,310.759878419453,"CP02"
"92",667,92,1,"ASV113",TRUE,2,567,1.5,310.212765957447,"CP02"
"93",667,93,1,"ASV325",TRUE,2,566,1.5,309.665653495441,"CP02"
"94",667,94,1,"ASV481",TRUE,2,565,1.5,309.118541033435,"CP02"
"95",667,95,1,"ASV088",TRUE,2,564,1.5,308.571428571429,"CP02"
"96",667,96,1,"ASV298",TRUE,2,563,1.5,308.024316109423,"CP02"
"97",667,97,1,"ASV457",TRUE,2,562,1.5,307.477203647416,"CP02"
"98",667,98,1,"ASV374",TRUE,2,561,1.5,306.93009118541,"CP02"
"99",667,99,1,"ASV634",TRUE,2,560,1.5,306.382978723404,"CP02"
"100",667,100,1,"ASV519",TRUE,2,559,1.5,305.835866261398,"CP02"
"101",667,101,1,"ASV385",TRUE,2,558,1.5,305.288753799392,"CP02"
"102",667,102,1,"ASV134",TRUE,2,557,1.5,304.741641337386,"CP02"
"103",667,103,1,"ASV633",TRUE,2,556,1.5,304.19452887538,"CP02"
"104",667,104,1,"ASV127",TRUE,2,555,1.5,303.647416413374,"CP02"
"105",667,105,0,"ASV012",TRUE,1,554,1,303.100303951368,"CP02"
"106",675,106,1,"ASV081",TRUE,3,553,2.5,302.553191489362,"CP03"
"107",675,107,0,"ASV195",TRUE,2,552,2,302.006079027356,"CP03"
"108",676,108,1,"ASV288",TRUE,3,551,2.5,301.458966565349,"CP03"
"109",676,109,0,"ASV211",TRUE,2,550,2,300.911854103343,"CP03"
"110",674,110,1,"ASV490",TRUE,2,549,1.5,300.364741641337,"CP03"
"111",674,111,1,"ASV380",TRUE,2,548,1.5,299.817629179331,"CP03"
"112",674,112,1,"ASV207",TRUE,2,547,1.5,299.270516717325,"CP03"
"113",674,113,1,"ASV147",TRUE,2,546,1.5,298.723404255319,"CP03"
"114",674,114,1,"ASV502",TRUE,2,545,1.5,298.176291793313,"CP03"
"115",674,115,2,"ASV438",TRUE,3,544,2,297.629179331307,"CP03"
"116",674,116,1,"ASV244",TRUE,2,543,1.5,297.082066869301,"CP03"
"117",674,117,1,"ASV459",TRUE,2,542,1.5,296.534954407295,"CP03"
"118",674,118,1,"ASV198",TRUE,2,541,1.5,295.987841945289,"CP03"
"119",674,119,1,"ASV089",TRUE,2,540,1.5,295.440729483283,"CP03"
"120",674,120,1,"ASV299",TRUE,2,539,1.5,294.893617021277,"CP03"
"121",674,121,1,"ASV458",TRUE,2,538,1.5,294.34650455927,"CP03"
"122",674,122,1,"ASV212",TRUE,2,537,1.5,293.799392097264,"CP03"
"123",674,123,1,"ASV259",TRUE,2,536,1.5,293.252279635258,"CP03"
"124",674,124,1,"ASV477",TRUE,2,535,1.5,292.705167173252,"CP03"
"125",674,125,1,"ASV225",TRUE,2,534,1.5,292.158054711246,"CP03"
"126",674,126,1,"ASV280",TRUE,2,533,1.5,291.61094224924,"CP03"
"127",674,127,1,"ASV570",TRUE,2,532,1.5,291.063829787234,"CP03"
"128",674,128,1,"ASV229",TRUE,2,531,1.5,290.516717325228,"CP03"
"129",674,129,1,"ASV353",TRUE,2,530,1.5,289.969604863222,"CP03"
"130",674,130,1,"ASV170",TRUE,2,529,1.5,289.422492401216,"CP03"
"131",674,131,1,"ASV339",TRUE,2,528,1.5,288.87537993921,"CP03"
"132",674,132,1,"ASV338",TRUE,2,527,1.5,288.328267477204,"CP03"
"133",674,133,1,"ASV104",TRUE,2,526,1.5,287.781155015198,"CP03"
"134",674,134,1,"ASV623",TRUE,2,525,1.5,287.234042553191,"CP03"
"135",674,135,1,"ASV304",TRUE,2,524,1.5,286.686930091185,"CP03"
"136",674,136,1,"ASV201",TRUE,2,523,1.5,286.139817629179,"CP03"
"137",674,137,1,"ASV513",TRUE,2,522,1.5,285.592705167173,"CP03"
"138",674,138,1,"ASV588",TRUE,2,521,1.5,285.045592705167,"CP03"
"139",674,139,0,"ASV002",TRUE,1,520,1,284.498480243161,"CP03"
"140",678,140,1,"ASV196",TRUE,3,519,2.5,283.951367781155,"CP04"
"141",678,141,0,"ASV630",TRUE,2,518,2,283.404255319149,"CP04"
"142",677,142,1,"ASV653",TRUE,2,517,1.5,282.857142857143,"CP04"
"143",677,143,1,"ASV423",TRUE,2,516,1.5,282.310030395137,"CP04"
"144",677,144,1,"ASV136",TRUE,2,515,1.5,281.762917933131,"CP04"
"145",677,145,1,"ASV404",TRUE,2,514,1.5,281.215805471125,"CP04"
"146",677,146,1,"ASV358",TRUE,2,513,1.5,280.668693009118,"CP04"
"147",677,147,1,"ASV214",TRUE,2,512,1.5,280.121580547112,"CP04"
"148",677,148,1,"ASV230",TRUE,2,511,1.5,279.574468085106,"CP04"
"149",677,149,1,"ASV118",TRUE,2,510,1.5,279.0273556231,"CP04"
"150",677,150,1,"ASV327",TRUE,2,509,1.5,278.480243161094,"CP04"
"151",677,151,1,"ASV497",TRUE,2,508,1.5,277.933130699088,"CP04"
"152",677,152,1,"ASV516",TRUE,2,507,1.5,277.386018237082,"CP04"
"153",677,153,1,"ASV133",TRUE,2,506,1.5,276.838905775076,"CP04"
"154",677,154,1,"ASV412",TRUE,2,505,1.5,276.29179331307,"CP04"
"155",677,155,1,"ASV384",TRUE,2,504,1.5,275.744680851064,"CP04"
"156",677,156,1,"ASV372",TRUE,2,503,1.5,275.197568389058,"CP04"
"157",677,157,1,"ASV592",TRUE,2,502,1.5,274.650455927052,"CP04"
"158",677,158,1,"ASV287",TRUE,2,501,1.5,274.103343465046,"CP04"
"159",677,159,1,"ASV568",TRUE,2,500,1.5,273.556231003039,"CP04"
"160",677,160,1,"ASV369",TRUE,2,499,1.5,273.009118541033,"CP04"
"161",677,161,1,"ASV295",TRUE,2,498,1.5,272.462006079027,"CP04"
"162",677,162,1,"ASV160",TRUE,2,497,1.5,271.914893617021,"CP04"
"163",677,163,1,"ASV303",TRUE,2,496,1.5,271.367781155015,"CP04"
"164",677,164,1,"ASV366",TRUE,2,495,1.5,270.820668693009,"CP04"
"165",677,165,0,"ASV003",TRUE,1,494,1,270.273556231003,"CP04"
"166",680,166,1,"ASV263",TRUE,3,493,2.5,269.726443768997,"CP05"
"167",680,167,1,"ASV551",TRUE,3,492,2.5,269.179331306991,"CP05"
"168",680,168,0,"ASV486",TRUE,2,491,2,268.632218844985,"CP05"
"169",681,169,1,"ASV528",TRUE,3,490,2.5,268.085106382979,"CP05"
"170",681,170,0,"ASV503",TRUE,2,489,2,267.537993920973,"CP05"
"171",679,171,1,"ASV507",TRUE,2,488,1.5,266.990881458967,"CP05"
"172",679,172,1,"ASV424",TRUE,2,487,1.5,266.44376899696,"CP05"
"173",679,173,1,"ASV406",TRUE,2,486,1.5,265.896656534954,"CP05"
"174",679,174,1,"ASV529",TRUE,2,485,1.5,265.349544072948,"CP05"
"175",679,175,1,"ASV247",TRUE,2,484,1.5,264.802431610942,"CP05"
"176",679,176,1,"ASV062",TRUE,2,483,1.5,264.255319148936,"CP05"
"177",679,177,1,"ASV359",TRUE,2,482,1.5,263.70820668693,"CP05"
"178",679,178,1,"ASV345",TRUE,2,481,1.5,263.161094224924,"CP05"
"179",679,179,2,"ASV650",TRUE,3,480,2,262.613981762918,"CP05"
"180",679,180,1,"ASV422",TRUE,2,479,1.5,262.066869300912,"CP05"
"181",679,181,1,"ASV441",TRUE,2,478,1.5,261.519756838906,"CP05"
"182",679,182,1,"ASV389",TRUE,2,477,1.5,260.9726443769,"CP05"
"183",679,183,2,"ASV440",TRUE,3,476,2,260.425531914894,"CP05"
"184",679,184,1,"ASV137",TRUE,2,475,1.5,259.878419452887,"CP05"
"185",679,185,1,"ASV235",TRUE,2,474,1.5,259.331306990881,"CP05"
"186",679,186,1,"ASV167",TRUE,2,473,1.5,258.784194528875,"CP05"
"187",679,187,1,"ASV283",TRUE,2,472,1.5,258.237082066869,"CP05"
"188",679,188,1,"ASV439",TRUE,2,471,1.5,257.689969604863,"CP05"
"189",679,189,0,"ASV011",TRUE,1,470,1,257.142857142857,"CP05"
"190",683,190,1,"ASV405",TRUE,3,469,2.5,256.595744680851,"CP06"
"191",683,191,1,"ASV547",TRUE,3,468,2.5,256.048632218845,"CP06"
"192",683,192,0,"ASV437",TRUE,2,467,2,255.501519756839,"CP06"
"193",684,193,2,"ASV463",TRUE,4,466,3,254.954407294833,"CP06"
"194",684,194,0,"ASV462",TRUE,2,465,2,254.407294832827,"CP06"
"195",682,195,1,"ASV208",TRUE,2,464,1.5,253.860182370821,"CP06"
"196",682,196,1,"ASV145",TRUE,2,463,1.5,253.313069908815,"CP06"
"197",682,197,1,"ASV246",TRUE,2,462,1.5,252.765957446808,"CP06"
"198",682,198,1,"ASV141",TRUE,2,461,1.5,252.218844984802,"CP06"
"199",682,199,1,"ASV402",TRUE,2,460,1.5,251.671732522796,"CP06"
"200",682,200,1,"ASV378",TRUE,2,459,1.5,251.12462006079,"CP06"
"201",682,201,1,"ASV461",TRUE,2,458,1.5,250.577507598784,"CP06"
"202",682,202,1,"ASV485",TRUE,2,457,1.5,250.030395136778,"CP06"
"203",682,203,1,"ASV166",TRUE,2,456,1.5,249.483282674772,"CP06"
"204",682,204,1,"ASV418",TRUE,2,455,1.5,248.936170212766,"CP06"
"205",682,205,1,"ASV329",TRUE,2,454,1.5,248.38905775076,"CP06"
"206",682,206,1,"ASV548",TRUE,2,453,1.5,247.841945288754,"CP06"
"207",682,207,1,"ASV084",TRUE,2,452,1.5,247.294832826748,"CP06"
"208",682,208,1,"ASV215",TRUE,2,451,1.5,246.747720364742,"CP06"
"209",682,209,1,"ASV525",TRUE,2,450,1.5,246.200607902736,"CP06"
"210",682,210,0,"ASV007",TRUE,1,449,1,245.653495440729,"CP06"
"211",685,211,1,"ASV578",TRUE,2,448,1.5,245.106382978723,"CP07"
"212",685,212,1,"ASV575",TRUE,2,447,1.5,244.559270516717,"CP07"
"213",685,213,1,"ASV098",TRUE,2,446,1.5,244.012158054711,"CP07"
"214",685,214,1,"ASV243",TRUE,2,445,1.5,243.465045592705,"CP07"
"215",685,215,1,"ASV183",TRUE,2,444,1.5,242.917933130699,"CP07"
"216",685,216,1,"ASV190",TRUE,2,443,1.5,242.370820668693,"CP07"
"217",685,217,1,"ASV328",TRUE,2,442,1.5,241.823708206687,"CP07"
"218",685,218,1,"ASV602",TRUE,2,441,1.5,241.276595744681,"CP07"
"219",685,219,1,"ASV376",TRUE,2,440,1.5,240.729483282675,"CP07"
"220",685,220,1,"ASV524",TRUE,2,439,1.5,240.182370820669,"CP07"
"221",685,221,1,"ASV171",TRUE,2,438,1.5,239.635258358663,"CP07"
"222",685,222,1,"ASV482",TRUE,2,437,1.5,239.088145896657,"CP07"
"223",685,223,1,"ASV261",TRUE,2,436,1.5,238.54103343465,"CP07"
"224",685,224,2,"ASV601",TRUE,3,435,2,237.993920972644,"CP07"
"225",685,225,1,"ASV501",TRUE,2,434,1.5,237.446808510638,"CP07"
"226",685,226,1,"ASV241",TRUE,2,433,1.5,236.899696048632,"CP07"
"227",685,227,1,"ASV600",TRUE,2,432,1.5,236.352583586626,"CP07"
"228",685,228,1,"ASV162",TRUE,2,431,1.5,235.80547112462,"CP07"
"229",685,229,1,"ASV271",TRUE,2,430,1.5,235.258358662614,"CP07"
"230",685,230,0,"ASV010",TRUE,1,429,1,234.711246200608,"CP07"
"231",686,231,1,"ASV347",TRUE,2,428,1.5,234.164133738602,"CP08"
"232",686,232,1,"ASV609",TRUE,2,427,1.5,233.617021276596,"CP08"
"233",686,233,1,"ASV360",TRUE,2,426,1.5,233.06990881459,"CP08"
"234",686,234,2,"ASV604",TRUE,3,425,2,232.522796352584,"CP08"
"235",686,235,1,"ASV357",TRUE,2,424,1.5,231.975683890577,"CP08"
"236",686,236,1,"ASV330",TRUE,2,423,1.5,231.428571428571,"CP08"
"237",686,237,1,"ASV549",TRUE,2,422,1.5,230.881458966565,"CP08"
"238",686,238,1,"ASV648",TRUE,2,421,1.5,230.334346504559,"CP08"
"239",686,239,1,"ASV647",TRUE,2,420,1.5,229.787234042553,"CP08"
"240",686,240,1,"ASV026",TRUE,2,419,1.5,229.240121580547,"CP08"
"241",686,241,1,"ASV574",TRUE,2,418,1.5,228.693009118541,"CP08"
"242",686,242,1,"ASV312",TRUE,2,417,1.5,228.145896656535,"CP08"
"243",686,243,1,"ASV031",TRUE,2,416,1.5,227.598784194529,"CP08"
"244",686,244,1,"ASV044",TRUE,2,415,1.5,227.051671732523,"CP08"
"245",686,245,1,"ASV419",TRUE,2,414,1.5,226.504559270517,"CP08"
"246",686,246,0,"ASV006",TRUE,1,413,1,225.957446808511,"CP08"
"247",687,247,1,"ASV581",TRUE,2,412,1.5,225.410334346505,"CP09"
"248",687,248,1,"ASV361",TRUE,2,411,1.5,224.863221884498,"CP09"
"249",687,249,1,"ASV331",TRUE,2,410,1.5,224.316109422492,"CP09"
"250",687,250,1,"ASV421",TRUE,2,409,1.5,223.768996960486,"CP09"
"251",687,251,1,"ASV013",TRUE,2,408,1.5,223.22188449848,"CP09"
"252",687,252,1,"ASV343",TRUE,2,407,1.5,222.674772036474,"CP09"
"253",687,253,1,"ASV637",TRUE,2,406,1.5,222.127659574468,"CP09"
"254",687,254,1,"ASV636",TRUE,2,405,1.5,221.580547112462,"CP09"
"255",687,255,1,"ASV597",TRUE,2,404,1.5,221.033434650456,"CP09"
"256",687,256,1,"ASV635",TRUE,2,403,1.5,220.48632218845,"CP09"
"257",687,257,1,"ASV415",TRUE,2,402,1.5,219.939209726444,"CP09"
"258",687,258,1,"ASV571",TRUE,2,401,1.5,219.392097264438,"CP09"
"259",687,259,1,"ASV414",TRUE,2,400,1.5,218.844984802432,"CP09"
"260",687,260,1,"ASV546",TRUE,2,399,1.5,218.297872340426,"CP09"
"261",687,261,0,"ASV014",TRUE,1,398,1,217.750759878419,"CP09"
"262",688,262,1,"ASV611",TRUE,2,397,1.5,217.203647416413,"CP10"
"263",688,263,1,"ASV274",TRUE,2,396,1.5,216.656534954407,"CP10"
"264",688,264,1,"ASV608",TRUE,2,395,1.5,216.109422492401,"CP10"
"265",688,265,1,"ASV165",TRUE,2,394,1.5,215.562310030395,"CP10"
"266",688,266,1,"ASV242",TRUE,2,393,1.5,215.015197568389,"CP10"
"267",688,267,1,"ASV189",TRUE,2,392,1.5,214.468085106383,"CP10"
"268",688,268,1,"ASV082",TRUE,2,391,1.5,213.920972644377,"CP10"
"269",688,269,1,"ASV499",TRUE,2,390,1.5,213.373860182371,"CP10"
"270",688,270,1,"ASV074",TRUE,2,389,1.5,212.826747720365,"CP10"
"271",688,271,1,"ASV632",TRUE,2,388,1.5,212.279635258359,"CP10"
"272",688,272,1,"ASV323",TRUE,2,387,1.5,211.732522796353,"CP10"
"273",688,273,1,"ASV197",TRUE,2,386,1.5,211.185410334346,"CP10"
"274",688,274,1,"ASV595",TRUE,2,385,1.5,210.63829787234,"CP10"
"275",688,275,1,"ASV097",TRUE,2,384,1.5,210.091185410334,"CP10"
"276",688,276,0,"ASV020",TRUE,1,383,1,209.544072948328,"CP10"
"277",689,277,1,"ASV174",TRUE,2,382,1.5,208.996960486322,"CP11"
"278",689,278,1,"ASV427",TRUE,2,381,1.5,208.449848024316,"CP11"
"279",689,279,1,"ASV617",TRUE,2,380,1.5,207.90273556231,"CP11"
"280",689,280,1,"ASV264",TRUE,2,379,1.5,207.355623100304,"CP11"
"281",689,281,1,"ASV238",TRUE,2,378,1.5,206.808510638298,"CP11"
"282",689,282,1,"ASV199",TRUE,2,377,1.5,206.261398176292,"CP11"
"283",689,283,1,"ASV657",TRUE,2,376,1.5,205.714285714286,"CP11"
"284",689,284,1,"ASV447",TRUE,2,375,1.5,205.16717325228,"CP11"
"285",689,285,1,"ASV334",TRUE,2,374,1.5,204.620060790274,"CP11"
"286",689,286,1,"ASV537",TRUE,2,373,1.5,204.072948328267,"CP11"
"287",689,287,1,"ASV121",TRUE,2,372,1.5,203.525835866261,"CP11"
"288",689,288,1,"ASV364",TRUE,2,371,1.5,202.978723404255,"CP11"
"289",689,289,0,"ASV009",TRUE,1,370,1,202.431610942249,"CP11"
"290",690,290,1,"ASV407",TRUE,2,369,1.5,201.884498480243,"CP12"
"291",690,291,2,"ASV579",TRUE,3,368,2,201.337386018237,"CP12"
"292",690,292,1,"ASV216",TRUE,2,367,1.5,200.790273556231,"CP12"
"293",690,293,1,"ASV381",TRUE,2,366,1.5,200.243161094225,"CP12"
"294",690,294,1,"ASV275",TRUE,2,365,1.5,199.696048632219,"CP12"
"295",690,295,1,"ASV332",TRUE,2,364,1.5,199.148936170213,"CP12"
"296",690,296,1,"ASV558",TRUE,2,363,1.5,198.601823708207,"CP12"
"297",690,297,1,"ASV506",TRUE,2,362,1.5,198.054711246201,"CP12"
"298",690,298,1,"ASV073",TRUE,2,361,1.5,197.507598784195,"CP12"
"299",690,299,1,"ASV125",TRUE,2,360,1.5,196.960486322188,"CP12"
"300",690,300,1,"ASV237",TRUE,2,359,1.5,196.413373860182,"CP12"
"301",690,301,0,"ASV017",TRUE,1,358,1,195.866261398176,"CP12"
"302",692,302,2,"ASV520",TRUE,4,357,3,195.31914893617,"CP13"
"303",692,303,0,"ASV629",TRUE,2,356,2,194.772036474164,"CP13"
"304",691,304,1,"ASV375",TRUE,2,355,1.5,194.224924012158,"CP13"
"305",691,305,1,"ASV092",TRUE,2,354,1.5,193.677811550152,"CP13"
"306",691,306,1,"ASV480",TRUE,2,353,1.5,193.130699088146,"CP13"
"307",691,307,1,"ASV434",TRUE,2,352,1.5,192.58358662614,"CP13"
"308",691,308,2,"ASV027",TRUE,3,351,2,192.036474164134,"CP13"
"309",691,309,1,"ASV341",TRUE,2,350,1.5,191.489361702128,"CP13"
"310",691,310,1,"ASV396",TRUE,2,349,1.5,190.942249240122,"CP13"
"311",691,311,1,"ASV498",TRUE,2,348,1.5,190.395136778115,"CP13"
"312",691,312,1,"ASV518",TRUE,2,347,1.5,189.848024316109,"CP13"
"313",691,313,0,"ASV070",TRUE,1,346,1,189.300911854103,"CP13"
"314",694,314,1,"ASV522",TRUE,3,345,2.5,188.753799392097,"CP14"
"315",694,315,0,"ASV599",TRUE,2,344,2,188.206686930091,"CP14"
"316",693,316,1,"ASV638",TRUE,2,343,1.5,187.659574468085,"CP14"
"317",693,317,1,"ASV296",TRUE,2,342,1.5,187.112462006079,"CP14"
"318",693,318,1,"ASV352",TRUE,2,341,1.5,186.565349544073,"CP14"
"319",693,319,1,"ASV351",TRUE,2,340,1.5,186.018237082067,"CP14"
"320",693,320,1,"ASV626",TRUE,2,339,1.5,185.471124620061,"CP14"
"321",693,321,1,"ASV257",TRUE,2,338,1.5,184.924012158055,"CP14"
"322",693,322,1,"ASV625",TRUE,2,337,1.5,184.376899696049,"CP14"
"323",693,323,1,"ASV514",TRUE,2,336,1.5,183.829787234043,"CP14"
"324",693,324,0,"ASV071",TRUE,1,335,1,183.282674772036,"CP14"
"325",695,325,1,"ASV531",TRUE,2,334,1.5,182.73556231003,"CP15"
"326",695,326,1,"ASV607",TRUE,2,333,1.5,182.188449848024,"CP15"
"327",695,327,1,"ASV300",TRUE,2,332,1.5,181.641337386018,"CP15"
"328",695,328,1,"ASV643",TRUE,2,331,1.5,181.094224924012,"CP15"
"329",695,329,1,"ASV641",TRUE,2,330,1.5,180.547112462006,"CP15"
"330",695,330,1,"ASV106",TRUE,2,329,1.5,180,"CP15"
"331",695,331,1,"ASV413",TRUE,2,328,1.5,179.452887537994,"CP15"
"332",695,332,1,"ASV565",TRUE,2,327,1.5,178.905775075988,"CP15"
"333",695,333,1,"ASV431",TRUE,2,326,1.5,178.358662613982,"CP15"
"334",695,334,1,"ASV496",TRUE,2,325,1.5,177.811550151976,"CP15"
"335",695,335,0,"ASV028",TRUE,1,324,1,177.26443768997,"CP15"
"336",697,336,1,"ASV532",TRUE,3,323,2.5,176.717325227964,"CP16"
"337",697,337,0,"ASV222",TRUE,2,322,2,176.170212765957,"CP16"
"338",696,338,1,"ASV314",TRUE,2,321,1.5,175.623100303951,"CP16"
"339",696,339,1,"ASV555",TRUE,2,320,1.5,175.075987841945,"CP16"
"340",696,340,1,"ASV186",TRUE,2,319,1.5,174.528875379939,"CP16"
"341",696,341,1,"ASV554",TRUE,2,318,1.5,173.981762917933,"CP16"
"342",696,342,1,"ASV124",TRUE,2,317,1.5,173.434650455927,"CP16"
"343",696,343,1,"ASV553",TRUE,2,316,1.5,172.887537993921,"CP16"
"344",696,344,0,"ASV035",TRUE,1,315,1,172.340425531915,"CP16"
"345",699,345,1,"ASV417",TRUE,3,314,2.5,171.793313069909,"CP17"
"346",699,346,0,"ASV291",TRUE,2,313,2,171.246200607903,"CP17"
"347",698,347,1,"ASV114",TRUE,2,312,1.5,170.699088145897,"CP17"
"348",698,348,1,"ASV572",TRUE,2,311,1.5,170.151975683891,"CP17"
"349",698,349,1,"ASV308",TRUE,2,310,1.5,169.604863221885,"CP17"
"350",698,350,1,"ASV110",TRUE,2,309,1.5,169.057750759878,"CP17"
"351",698,351,1,"ASV416",TRUE,2,308,1.5,168.510638297872,"CP17"
"352",698,352,1,"ASV640",TRUE,2,307,1.5,167.963525835866,"CP17"
"353",698,353,0,"ASV032",TRUE,1,306,1,167.41641337386,"CP17"
"354",700,354,1,"ASV346",TRUE,2,305,1.5,166.869300911854,"CP18"
"355",700,355,2,"ASV172",TRUE,3,304,2,166.322188449848,"CP18"
"356",700,356,1,"ASV326",TRUE,2,303,1.5,165.775075987842,"CP18"
"357",700,357,1,"ASV395",TRUE,2,302,1.5,165.227963525836,"CP18"
"358",700,358,1,"ASV456",TRUE,2,301,1.5,164.68085106383,"CP18"
"359",700,359,1,"ASV479",TRUE,2,300,1.5,164.133738601824,"CP18"
"360",700,360,1,"ASV517",TRUE,2,299,1.5,163.586626139818,"CP18"
"361",700,361,1,"ASV594",TRUE,2,298,1.5,163.039513677812,"CP18"
"362",700,362,0,"ASV067",TRUE,1,297,1,162.492401215805,"CP18"
"363",701,363,1,"ASV313",TRUE,2,296,1.5,161.945288753799,"CP19"
"364",701,364,1,"ASV130",TRUE,2,295,1.5,161.398176291793,"CP19"
"365",701,365,1,"ASV606",TRUE,2,294,1.5,160.851063829787,"CP19"
"366",701,366,1,"ASV344",TRUE,2,293,1.5,160.303951367781,"CP19"
"367",701,367,1,"ASV091",TRUE,2,292,1.5,159.756838905775,"CP19"
"368",701,368,1,"ASV138",TRUE,2,291,1.5,159.209726443769,"CP19"
"369",701,369,2,"ASV256",TRUE,3,290,2,158.662613981763,"CP19"
"370",701,370,1,"ASV367",TRUE,2,289,1.5,158.115501519757,"CP19"
"371",701,371,0,"ASV025",TRUE,1,288,1,157.568389057751,"CP19"
"372",702,372,1,"ASV488",TRUE,2,287,1.5,157.021276595745,"CP20"
"373",702,373,1,"ASV577",TRUE,2,286,1.5,156.474164133739,"CP20"
"374",702,374,1,"ASV610",TRUE,2,285,1.5,155.927051671732,"CP20"
"375",702,375,1,"ASV444",TRUE,2,284,1.5,155.379939209726,"CP20"
"376",702,376,1,"ASV505",TRUE,2,283,1.5,154.83282674772,"CP20"
"377",702,377,1,"ASV557",TRUE,2,282,1.5,154.285714285714,"CP20"
"378",702,378,0,"ASV556",TRUE,1,281,1,153.738601823708,"CP20"
"379",703,379,1,"ASV573",TRUE,2,280,1.5,153.191489361702,"CP21"
"380",703,380,1,"ASV387",TRUE,2,279,1.5,152.644376899696,"CP21"
"381",703,381,1,"ASV642",TRUE,2,278,1.5,152.09726443769,"CP21"
"382",703,382,1,"ASV603",TRUE,2,277,1.5,151.550151975684,"CP21"
"383",703,383,1,"ASV483",TRUE,2,276,1.5,151.003039513678,"CP21"
"384",703,384,1,"ASV272",TRUE,2,275,1.5,150.455927051672,"CP21"
"385",703,385,0,"ASV022",TRUE,1,274,1,149.908814589666,"CP21"
"386",704,386,1,"ASV530",TRUE,2,273,1.5,149.36170212766,"CP22"
"387",704,387,1,"ASV252",TRUE,2,272,1.5,148.814589665654,"CP22"
"388",704,388,1,"ASV420",TRUE,2,271,1.5,148.267477203647,"CP22"
"389",704,389,1,"ASV373",TRUE,2,270,1.5,147.720364741641,"CP22"
"390",704,390,1,"ASV203",TRUE,2,269,1.5,147.173252279635,"CP22"
"391",704,391,1,"ASV102",TRUE,2,268,1.5,146.626139817629,"CP22"
"392",704,392,0,"ASV043",TRUE,1,267,1,146.079027355623,"CP22"
"393",705,393,1,"ASV442",TRUE,2,266,1.5,145.531914893617,"CP23"
"394",705,394,1,"ASV401",TRUE,2,265,1.5,144.984802431611,"CP23"
"395",705,395,1,"ASV386",TRUE,2,264,1.5,144.437689969605,"CP23"
"396",705,396,1,"ASV270",TRUE,2,263,1.5,143.890577507599,"CP23"
"397",705,397,2,"ASV399",TRUE,3,262,2,143.343465045593,"CP23"
"398",705,398,0,"ASV060",TRUE,1,261,1,142.796352583587,"CP23"
"399",706,399,1,"ASV356",TRUE,2,260,1.5,142.249240121581,"CP24"
"400",706,400,1,"ASV260",TRUE,2,259,1.5,141.702127659574,"CP24"
"401",706,401,1,"ASV018",TRUE,2,258,1.5,141.155015197568,"CP24"
"402",706,402,1,"ASV624",TRUE,2,257,1.5,140.607902735562,"CP24"
"403",706,403,1,"ASV429",TRUE,2,256,1.5,140.060790273556,"CP24"
"404",706,404,0,"ASV016",TRUE,1,255,1,139.51367781155,"CP24"
"405",707,405,1,"ASV253",TRUE,2,254,1.5,138.966565349544,"CP25"
"406",707,406,1,"ASV236",TRUE,2,253,1.5,138.419452887538,"CP25"
"407",707,407,1,"ASV292",TRUE,2,252,1.5,137.872340425532,"CP25"
"408",707,408,1,"ASV443",TRUE,2,251,1.5,137.325227963526,"CP25"
"409",707,409,0,"ASV030",TRUE,1,250,1,136.77811550152,"CP25"
"410",708,410,2,"ASV644",TRUE,3,249,2,136.231003039514,"CP26"
"411",708,411,1,"ASV453",TRUE,2,248,1.5,135.683890577508,"CP26"
"412",708,412,1,"ASV593",TRUE,2,247,1.5,135.136778115501,"CP26"
"413",708,413,2,"ASV307",TRUE,3,246,2,134.589665653495,"CP26"
"414",708,414,0,"ASV052",TRUE,1,245,1,134.042553191489,"CP26"
"415",709,415,1,"ASV645",TRUE,2,244,1.5,133.495440729483,"CP27"
"416",709,416,1,"ASV460",TRUE,2,243,1.5,132.948328267477,"CP27"
"417",709,417,1,"ASV251",TRUE,2,242,1.5,132.401215805471,"CP27"
"418",709,418,1,"ASV433",TRUE,2,241,1.5,131.854103343465,"CP27"
"419",709,419,0,"ASV015",TRUE,1,240,1,131.306990881459,"CP27"
"420",710,420,1,"ASV510",TRUE,2,239,1.5,130.759878419453,"CP28"
"421",710,421,1,"ASV318",TRUE,2,238,1.5,130.212765957447,"CP28"
"422",710,422,1,"ASV173",TRUE,2,237,1.5,129.665653495441,"CP28"
"423",710,423,0,"ASV348",TRUE,1,236,1,129.118541033435,"CP28"
"424",711,424,2,"ASV182",TRUE,3,235,2,128.571428571429,"CP29"
"425",711,425,1,"ASV342",TRUE,2,234,1.5,128.024316109422,"CP29"
"426",711,426,1,"ASV355",TRUE,2,233,1.5,127.477203647416,"CP29"
"427",711,427,0,"ASV093",TRUE,1,232,1,126.93009118541,"CP29"
"428",712,428,2,"ASV515",TRUE,3,231,2,126.382978723404,"CP30"
"429",712,429,1,"ASV544",TRUE,2,230,1.5,125.835866261398,"CP30"
"430",712,430,1,"ASV590",TRUE,2,229,1.5,125.288753799392,"CP30"
"431",712,431,0,"ASV051",TRUE,1,228,1,124.741641337386,"CP30"
"432",713,432,1,"ASV605",TRUE,2,227,1.5,124.19452887538,"CP31"
"433",713,433,1,"ASV504",TRUE,2,226,1.5,123.647416413374,"CP31"
"434",713,434,1,"ASV144",TRUE,2,225,1.5,123.100303951368,"CP31"
"435",714,435,1,"ASV273",TRUE,2,224,1.5,122.553191489362,"CP32"
"436",714,436,1,"ASV550",TRUE,2,223,1.5,122.006079027356,"CP32"
"437",714,437,0,"ASV159",TRUE,1,222,1,121.45896656535,"CP32"
"438",715,438,1,"ASV185",TRUE,2,221,1.5,120.911854103343,"CP33"
"439",715,439,1,"ASV436",TRUE,2,220,1.5,120.364741641337,"CP33"
"440",715,440,0,"ASV310",TRUE,1,219,1,119.817629179331,"CP33"
"441",716,441,1,"ASV484",TRUE,2,218,1.5,119.270516717325,"CP34"
"442",716,442,1,"ASV227",TRUE,2,217,1.5,118.723404255319,"CP34"
"443",716,443,0,"ASV033",TRUE,1,216,1,118.176291793313,"CP34"
"444",717,444,1,"ASV397",TRUE,2,215,1.5,117.629179331307,"CP35"
"445",717,445,1,"ASV240",TRUE,2,214,1.5,117.082066869301,"CP35"
"446",717,446,0,"ASV289",TRUE,1,213,1,116.534954407295,"CP35"
"447",718,447,1,"ASV398",TRUE,2,212,1.5,115.987841945289,"CP36"
"448",718,448,2,"ASV078",TRUE,3,211,2,115.440729483283,"CP36"
"449",718,449,0,"ASV281",TRUE,1,210,1,114.893617021277,"CP36"
"450",719,450,1,"ASV156",TRUE,2,209,1.5,114.346504559271,"CP37"
"451",719,451,1,"ASV394",TRUE,2,208,1.5,113.799392097264,"CP37"
"452",719,452,0,"ASV476",TRUE,1,207,1,113.252279635258,"CP37"
"453",720,453,1,"ASV279",TRUE,2,206,1.5,112.705167173252,"CP38"
"454",720,454,1,"ASV371",TRUE,2,205,1.5,112.158054711246,"CP38"
"455",720,455,0,"ASV545",TRUE,1,204,1,111.61094224924,"CP38"
"456",721,456,1,"ASV111",TRUE,2,203,1.5,111.063829787234,"CP39"
"457",721,457,1,"ASV322",TRUE,2,202,1.5,110.516717325228,"CP39"
"458",721,458,0,"ASV393",TRUE,1,201,1,109.969604863222,"CP39"
"459",722,459,1,"ASV054",TRUE,2,200,1.5,109.422492401216,"CP40"
"460",722,460,1,"ASV234",TRUE,2,199,1.5,108.87537993921,"CP40"
"461",722,461,0,"ASV120",TRUE,1,198,1,108.328267477204,"CP40"
"462",723,462,1,"ASV543",TRUE,2,197,1.5,107.781155015198,"CP41"
"463",723,463,1,"ASV410",TRUE,2,196,1.5,107.234042553191,"CP41"
"464",723,464,0,"ASV586",TRUE,1,195,1,106.686930091185,"CP41"
"465",724,465,1,"ASV245",TRUE,2,194,1.5,106.139817629179,"CP42"
"466",724,466,1,"ASV569",TRUE,2,193,1.5,105.592705167173,"CP42"
"467",724,467,0,"ASV038",TRUE,1,192,1,105.045592705167,"CP42"
"468",725,468,1,"ASV489",TRUE,2,191,1.5,104.498480243161,"CP43"
"469",725,469,0,"ASV652",TRUE,1,190,1,103.951367781155,"CP43"
"470",726,470,1,"ASV284",TRUE,2,189,1.5,103.404255319149,"CP44"
"471",726,471,0,"ASV576",TRUE,1,188,1,102.857142857143,"CP44"
"472",727,472,1,"ASV552",TRUE,2,187,1.5,102.310030395137,"CP45"
"473",727,473,0,"ASV101",TRUE,1,186,1,101.762917933131,"CP45"
"474",728,474,1,"ASV527",TRUE,2,185,1.5,101.215805471125,"CP46"
"475",728,475,1,"ASV079",TRUE,2,184,1.5,100.668693009119,"CP46"
"476",729,476,1,"ASV478",TRUE,2,183,1.5,100.121580547112,"CP47"
"477",729,477,0,"ASV048",TRUE,1,182,1,99.5744680851064,"CP47"
"478",730,478,1,"ASV455",TRUE,2,181,1.5,99.0273556231003,"CP48"
"479",730,479,0,"ASV049",TRUE,1,180,1,98.4802431610942,"CP48"
"480",731,480,1,"ASV354",TRUE,2,179,1.5,97.9331306990881,"CP49"
"481",731,481,0,"ASV628",TRUE,1,178,1,97.3860182370821,"CP49"
"482",732,482,1,"ASV340",TRUE,2,177,1.5,96.838905775076,"CP50"
"483",732,483,0,"ASV132",TRUE,1,176,1,96.2917933130699,"CP50"
"484",733,484,2,"ASV474",TRUE,5,175,4,95.7446808510638,"CP51"
"485",733,485,0,"ASV591",TRUE,3,174,3,95.1975683890577,"CP51"
"486",734,486,1,"ASV473",TRUE,2,173,1.5,94.6504559270517,"CP52"
"487",734,487,0,"ASV061",TRUE,1,172,1,94.1033434650456,"CP52"
"488",735,488,1,"ASV100",TRUE,2,171,1.5,93.5562310030395,"CP53"
"489",735,489,0,"ASV184",TRUE,1,170,1,93.0091185410334,"CP53"
"490",736,490,1,"ASV567",TRUE,2,169,1.5,92.4620060790273,"CP54"
"491",736,491,0,"ASV286",TRUE,1,168,1,91.9148936170213,"CP54"
"492",737,492,1,"ASV083",TRUE,2,167,1.5,91.3677811550152,"CP55"
"493",737,493,0,"ASV193",TRUE,1,166,1,90.8206686930091,"CP55"
"494",738,494,1,"ASV403",TRUE,2,165,1.5,90.273556231003,"CP56"
"495",738,495,0,"ASV566",TRUE,1,164,1,89.726443768997,"CP56"
"496",739,496,1,"ASV472",TRUE,2,163,1.5,89.1793313069909,"CP57"
"497",739,497,0,"ASV471",TRUE,1,162,1,88.6322188449848,"CP57"
"498",740,498,1,"ASV059",TRUE,3,161,2.5,88.0851063829787,"CP58"
"499",740,499,0,"ASV146",TRUE,2,160,2,87.5379939209726,"CP58"
"500",741,500,1,"ASV495",TRUE,2,159,1.5,86.9908814589666,"CP59"
"501",741,501,0,"ASV337",TRUE,1,158,1,86.4437689969605,"CP59"
"502",742,502,1,"ASV161",TRUE,2,157,1.5,85.8966565349544,"CP60"
"503",742,503,0,"ASV103",TRUE,1,156,1,85.3495440729483,"CP60"
"504",743,504,1,"ASV563",TRUE,2,155,1.5,84.8024316109423,"CP61"
"505",743,505,0,"ASV117",TRUE,1,154,1,84.2553191489362,"CP61"
"506",744,506,1,"ASV192",TRUE,2,153,1.5,83.7082066869301,"CP62"
"507",744,507,0,"ASV148",TRUE,1,152,1,83.161094224924,"CP62"
"508",745,508,1,"ASV267",TRUE,2,151,1.5,82.6139817629179,"CP63"
"509",745,509,0,"ASV493",TRUE,1,150,1,82.0668693009118,"CP63"
"510",746,510,1,"ASV350",TRUE,2,149,1.5,81.5197568389058,"CP64"
"511",746,511,0,"ASV450",TRUE,1,148,1,80.9726443768997,"CP64"
"512",659,512,1,"ASV426",TRUE,1,147,0.5,80.4255319148936,"CP00"
"513",659,513,4,"ASV285",TRUE,4,146,2,79.8784194528875,"CP00"
"514",659,514,2,"ASV213",TRUE,2,145,1,79.3313069908815,"CP00"
"515",659,515,1,"ASV087",TRUE,1,144,0.5,78.7841945288754,"CP00"
"516",659,516,1,"ASV231",TRUE,1,143,0.5,78.2370820668693,"CP00"
"517",659,517,1,"ASV094",TRUE,1,142,0.5,77.6899696048632,"CP00"
"518",659,518,1,"ASV526",TRUE,1,141,0.5,77.1428571428571,"CP00"
"519",659,519,5,"ASV262",TRUE,5,140,2.5,76.5957446808511,"CP00"
"520",659,520,1,"ASV123",TRUE,1,139,0.5,76.048632218845,"CP00"
"521",659,521,1,"ASV388",TRUE,1,138,0.5,75.5015197568389,"CP00"
"522",659,522,1,"ASV435",TRUE,1,137,0.5,74.9544072948328,"CP00"
"523",659,523,1,"ASV072",TRUE,1,136,0.5,74.4072948328268,"CP00"
"524",659,524,1,"ASV523",TRUE,1,135,0.5,73.8601823708207,"CP00"
"525",659,525,1,"ASV639",TRUE,1,134,0.5,73.3130699088146,"CP00"
"526",659,526,1,"ASV176",TRUE,1,133,0.5,72.7659574468085,"CP00"
"527",659,527,1,"ASV521",TRUE,1,132,0.5,72.2188449848024,"CP00"
"528",659,528,1,"ASV290",TRUE,1,131,0.5,71.6717325227963,"CP00"
"529",659,529,2,"ASV400",TRUE,2,130,1,71.1246200607903,"CP00"
"530",659,530,1,"ASV108",TRUE,1,129,0.5,70.5775075987842,"CP00"
"531",659,531,1,"ASV598",TRUE,1,128,0.5,70.0303951367781,"CP00"
"532",659,532,1,"ASV596",TRUE,1,127,0.5,69.483282674772,"CP00"
"533",659,533,1,"ASV045",TRUE,1,126,0.5,68.936170212766,"CP00"
"534",659,534,1,"ASV631",TRUE,1,125,0.5,68.3890577507599,"CP00"
"535",659,535,1,"ASV140",TRUE,1,124,0.5,67.8419452887538,"CP00"
"536",659,536,1,"ASV157",TRUE,1,123,0.5,67.2948328267477,"CP00"
"537",659,537,1,"ASV151",TRUE,1,122,0.5,66.7477203647416,"CP00"
"538",659,538,1,"ASV454",TRUE,1,121,0.5,66.2006079027356,"CP00"
"539",659,539,1,"ASV194",TRUE,1,120,0.5,65.6534954407295,"CP00"
"540",659,540,1,"ASV181",TRUE,1,119,0.5,65.1063829787234,"CP00"
"541",659,541,1,"ASV019",TRUE,1,118,0.5,64.5592705167173,"CP00"
"542",659,542,1,"ASV107",TRUE,1,117,0.5,64.0121580547112,"CP00"
"543",659,543,1,"ASV321",TRUE,1,116,0.5,63.4650455927052,"CP00"
"544",659,544,1,"ASV056",TRUE,1,115,0.5,62.9179331306991,"CP00"
"545",659,545,1,"ASV158",TRUE,1,114,0.5,62.370820668693,"CP00"
"546",659,546,1,"ASV005",TRUE,1,113,0.5,61.8237082066869,"CP00"
"547",659,547,1,"ASV155",TRUE,1,112,0.5,61.2765957446808,"CP00"
"548",659,548,1,"ASV057",TRUE,1,111,0.5,60.7294832826748,"CP00"
"549",659,549,1,"ASV258",TRUE,1,110,0.5,60.1823708206687,"CP00"
"550",659,550,1,"ASV297",TRUE,1,109,0.5,59.6352583586626,"CP00"
"551",659,551,1,"ASV269",TRUE,1,108,0.5,59.0881458966565,"CP00"
"552",659,552,1,"ASV627",TRUE,1,107,0.5,58.5410334346505,"CP00"
"553",659,553,1,"ASV085",TRUE,1,106,0.5,57.9939209726444,"CP00"
"554",659,554,1,"ASV320",TRUE,1,105,0.5,57.4468085106383,"CP00"
"555",659,555,1,"ASV475",TRUE,1,104,0.5,56.8996960486322,"CP00"
"556",659,556,1,"ASV163",TRUE,1,103,0.5,56.3525835866261,"CP00"
"557",659,557,1,"ASV004",TRUE,1,102,0.5,55.8054711246201,"CP00"
"558",659,558,1,"ASV306",TRUE,1,101,0.5,55.258358662614,"CP00"
"559",659,559,2,"ASV370",TRUE,2,100,1,54.7112462006079,"CP00"
"560",659,560,1,"ASV154",TRUE,1,99,0.5,54.1641337386018,"CP00"
"561",659,561,1,"ASV037",TRUE,1,98,0.5,53.6170212765957,"CP00"
"562",659,562,1,"ASV169",TRUE,1,97,0.5,53.0699088145897,"CP00"
"563",659,563,1,"ASV204",TRUE,1,96,0.5,52.5227963525836,"CP00"
"564",659,564,1,"ASV228",TRUE,1,95,0.5,51.9756838905775,"CP00"
"565",659,565,1,"ASV589",TRUE,1,94,0.5,51.4285714285714,"CP00"
"566",659,566,2,"ASV432",TRUE,2,93,1,50.8814589665653,"CP00"
"567",659,567,1,"ASV411",TRUE,1,92,0.5,50.3343465045593,"CP00"
"568",659,568,1,"ASV090",TRUE,1,91,0.5,49.7872340425532,"CP00"
"569",659,569,1,"ASV305",TRUE,1,90,0.5,49.2401215805471,"CP00"
"570",659,570,1,"ASV086",TRUE,1,89,0.5,48.693009118541,"CP00"
"571",659,571,1,"ASV064",TRUE,1,88,0.5,48.145896656535,"CP00"
"572",659,572,1,"ASV008",TRUE,1,87,0.5,47.5987841945289,"CP00"
"573",659,573,1,"ASV021",TRUE,1,86,0.5,47.0516717325228,"CP00"
"574",659,574,1,"ASV150",TRUE,1,85,0.5,46.5045592705167,"CP00"
"575",659,575,1,"ASV564",TRUE,1,84,0.5,45.9574468085106,"CP00"
"576",659,576,1,"ASV180",TRUE,1,83,0.5,45.4103343465046,"CP00"
"577",659,577,1,"ASV122",TRUE,1,82,0.5,44.8632218844985,"CP00"
"578",659,578,1,"ASV096",TRUE,1,81,0.5,44.3161094224924,"CP00"
"579",659,579,1,"ASV587",TRUE,1,80,0.5,43.7689969604863,"CP00"
"580",659,580,1,"ASV452",TRUE,1,79,0.5,43.2218844984802,"CP00"
"581",659,581,1,"ASV368",TRUE,1,78,0.5,42.6747720364742,"CP00"
"582",659,582,1,"ASV430",TRUE,1,77,0.5,42.1276595744681,"CP00"
"583",659,583,1,"ASV139",TRUE,1,76,0.5,41.580547112462,"CP00"
"584",659,584,1,"ASV494",TRUE,1,75,0.5,41.0334346504559,"CP00"
"585",659,585,1,"ASV200",TRUE,1,74,0.5,40.4863221884498,"CP00"
"586",659,586,1,"ASV034",TRUE,1,73,0.5,39.9392097264438,"CP00"
"587",659,587,1,"ASV224",TRUE,1,72,0.5,39.3920972644377,"CP00"
"588",659,588,5,"ASV105",TRUE,5,71,2.5,38.8449848024316,"CP00"
"589",659,589,1,"ASV233",TRUE,1,70,0.5,38.2978723404255,"CP00"
"590",659,590,1,"ASV221",TRUE,1,69,0.5,37.7507598784195,"CP00"
"591",659,591,1,"ASV622",TRUE,1,68,0.5,37.2036474164134,"CP00"
"592",659,592,1,"ASV278",TRUE,1,67,0.5,36.6565349544073,"CP00"
"593",659,593,2,"ASV512",TRUE,2,66,1,36.1094224924012,"CP00"
"594",659,594,1,"ASV239",TRUE,1,65,0.5,35.5623100303951,"CP00"
"595",659,595,1,"ASV319",TRUE,1,64,0.5,35.0151975683891,"CP00"
"596",659,596,1,"ASV047",TRUE,1,63,0.5,34.468085106383,"CP00"
"597",659,597,1,"ASV268",TRUE,1,62,0.5,33.9209726443769,"CP00"
"598",659,598,1,"ASV053",TRUE,1,61,0.5,33.3738601823708,"CP00"
"599",659,599,1,"ASV250",TRUE,1,60,0.5,32.8267477203647,"CP00"
"600",659,600,1,"ASV077",TRUE,1,59,0.5,32.2796352583587,"CP00"
"601",659,601,1,"ASV055",TRUE,1,58,0.5,31.7325227963526,"CP00"
"602",659,602,1,"ASV149",TRUE,1,57,0.5,31.1854103343465,"CP00"
"603",659,603,1,"ASV255",TRUE,1,56,0.5,30.6382978723404,"CP00"
"604",659,604,1,"ASV126",TRUE,1,55,0.5,30.0911854103343,"CP00"
"605",659,605,1,"ASV175",TRUE,1,54,0.5,29.5440729483283,"CP00"
"606",659,606,1,"ASV066",TRUE,1,53,0.5,28.9969604863222,"CP00"
"607",659,607,1,"ASV621",TRUE,1,52,0.5,28.4498480243161,"CP00"
"608",659,608,1,"ASV188",TRUE,1,51,0.5,27.90273556231,"CP00"
"609",659,609,1,"ASV365",TRUE,1,50,0.5,27.355623100304,"CP00"
"610",659,610,1,"ASV143",TRUE,1,49,0.5,26.8085106382979,"CP00"
"611",659,611,1,"ASV041",TRUE,1,48,0.5,26.2613981762918,"CP00"
"612",659,612,1,"ASV036",TRUE,1,47,0.5,25.7142857142857,"CP00"
"613",659,613,1,"ASV112",TRUE,1,46,0.5,25.1671732522796,"CP00"
"614",659,614,1,"ASV249",TRUE,1,45,0.5,24.6200607902736,"CP00"
"615",659,615,1,"ASV099",TRUE,1,44,0.5,24.0729483282675,"CP00"
"616",659,616,1,"ASV585",TRUE,1,43,0.5,23.5258358662614,"CP00"
"617",659,617,1,"ASV302",TRUE,1,42,0.5,22.9787234042553,"CP00"
"618",659,618,1,"ASV451",TRUE,1,41,0.5,22.4316109422492,"CP00"
"619",659,619,1,"ASV168",TRUE,1,40,0.5,21.8844984802432,"CP00"
"620",659,620,1,"ASV470",TRUE,1,39,0.5,21.3373860182371,"CP00"
"621",659,621,1,"ASV428",TRUE,1,38,0.5,20.790273556231,"CP00"
"622",659,622,1,"ASV294",TRUE,1,37,0.5,20.2431610942249,"CP00"
"623",659,623,1,"ASV210",TRUE,1,36,0.5,19.6960486322188,"CP00"
"624",659,624,1,"ASV232",TRUE,1,35,0.5,19.1489361702128,"CP00"
"625",659,625,1,"ASV131",TRUE,1,34,0.5,18.6018237082067,"CP00"
"626",659,626,1,"ASV542",TRUE,1,33,0.5,18.0547112462006,"CP00"
"627",659,627,1,"ASV449",TRUE,1,32,0.5,17.5075987841945,"CP00"
"628",659,628,1,"ASV187",TRUE,1,31,0.5,16.9604863221884,"CP00"
"629",659,629,1,"ASV541",TRUE,1,30,0.5,16.4133738601824,"CP00"
"630",659,630,1,"ASV266",TRUE,1,29,0.5,15.8662613981763,"CP00"
"631",659,631,1,"ASV301",TRUE,1,28,0.5,15.3191489361702,"CP00"
"632",659,632,1,"ASV492",TRUE,1,27,0.5,14.7720364741641,"CP00"
"633",659,633,1,"ASV448",TRUE,1,26,0.5,14.2249240121581,"CP00"
"634",659,634,2,"ASV336",TRUE,2,25,1,13.677811550152,"CP00"
"635",659,635,1,"ASV620",TRUE,1,24,0.5,13.1306990881459,"CP00"
"636",659,636,1,"ASV511",TRUE,1,23,0.5,12.5835866261398,"CP00"
"637",659,637,1,"ASV469",TRUE,1,22,0.5,12.0364741641337,"CP00"
"638",659,638,1,"ASV265",TRUE,1,21,0.5,11.4893617021277,"CP00"
"639",659,639,1,"ASV248",TRUE,1,20,0.5,10.9422492401216,"CP00"
"640",659,640,1,"ASV491",TRUE,1,19,0.5,10.3951367781155,"CP00"
"641",659,641,1,"ASV584",TRUE,1,18,0.5,9.84802431610942,"CP00"
"642",659,642,1,"ASV220",TRUE,1,17,0.5,9.30091185410334,"CP00"
"643",659,643,1,"ASV562",TRUE,1,16,0.5,8.75379939209726,"CP00"
"644",659,644,1,"ASV349",TRUE,1,15,0.5,8.20668693009118,"CP00"
"645",659,645,1,"ASV561",TRUE,1,14,0.5,7.65957446808511,"CP00"
"646",659,646,1,"ASV619",TRUE,1,13,0.5,7.11246200607903,"CP00"
"647",659,647,1,"ASV153",TRUE,1,12,0.5,6.56534954407295,"CP00"
"648",659,648,1,"ASV560",TRUE,1,11,0.5,6.01823708206687,"CP00"
"649",659,649,1,"ASV135",TRUE,1,10,0.5,5.47112462006079,"CP00"
"650",659,650,1,"ASV335",TRUE,1,9,0.5,4.92401215805471,"CP00"
"651",659,651,1,"ASV468",TRUE,1,8,0.5,4.37689969604863,"CP00"
"652",659,652,1,"ASV583",TRUE,1,7,0.5,3.82978723404255,"CP00"
"653",659,653,1,"ASV540",TRUE,1,6,0.5,3.28267477203647,"CP00"
"654",659,654,1,"ASV582",TRUE,1,5,0.5,2.73556231003039,"CP00"
"655",659,655,1,"ASV076",TRUE,1,4,0.5,2.18844984802432,"CP00"
"656",659,656,1,"ASV539",TRUE,1,3,0.5,1.64133738601824,"CP00"
"657",659,657,1,"ASV618",TRUE,1,2,0.5,1.09422492401216,"CP00"
"658",659,658,0,"BC10v0",TRUE,0,1,0,0.547112462006079,"CP00"
"659",659,659,0,NA,FALSE,0,131.345078903456,0,71.8605294912524,"CP00"
"660",659,660,1,NA,FALSE,1,619.841666666667,0.5,339.123100303951,"CP01"
"661",660,661,1,NA,FALSE,2,656.5,1.5,359.179331306991,"CP01"
"662",660,662,1,NA,FALSE,2,653,1.5,357.26443768997,"CP01"
"663",660,663,1,NA,FALSE,2,650.5,1.5,355.896656534954,"CP01"
"664",660,664,1,NA,FALSE,2,648.5,1.5,354.802431610942,"CP01"
"665",660,665,1,NA,FALSE,2,646.5,1.5,353.70820668693,"CP01"
"666",660,666,1,NA,FALSE,2,644.5,1.5,352.613981762918,"CP01"
"667",659,667,1,NA,FALSE,1,565.909090909091,0.5,309.615915998895,"CP02"
"668",667,668,1,NA,FALSE,2,587,1.5,321.155015197568,"CP02"
"669",667,669,1,NA,FALSE,2,582.5,1.5,318.693009118541,"CP02"
"670",667,670,1,NA,FALSE,2,578.5,1.5,316.504559270517,"CP02"
"671",667,671,1,NA,FALSE,2,575,1.5,314.589665653495,"CP02"
"672",667,672,1,NA,FALSE,2,572.5,1.5,313.22188449848,"CP02"
"673",667,673,1,NA,FALSE,2,570.5,1.5,312.127659574468,"CP02"
"674",659,674,1,NA,FALSE,1,535.5625,0.5,293.012917933131,"CP03"
"675",674,675,1,NA,FALSE,2,552.5,1.5,302.279635258359,"CP03"
"676",674,676,1,NA,FALSE,2,550.5,1.5,301.185410334346,"CP03"
"677",659,677,1,NA,FALSE,1,506.02,0.5,276.849848024316,"CP04"
"678",677,678,1,NA,FALSE,2,518.5,1.5,283.677811550152,"CP04"
"679",659,679,1,NA,FALSE,1,480.119047619048,0.5,262.679114198871,"CP05"
"680",679,680,1,NA,FALSE,2,492,1.5,269.179331306991,"CP05"
"681",679,681,1,NA,FALSE,2,489.5,1.5,267.811550151976,"CP05"
"682",659,682,1,NA,FALSE,1,457.638888888889,0.5,250.379939209726,"CP06"
"683",682,683,1,NA,FALSE,2,468,1.5,256.048632218845,"CP06"
"684",682,684,1,NA,FALSE,2,465.5,1.5,254.68085106383,"CP06"
"685",659,685,1,NA,FALSE,1,438.5,0.5,239.908814589666,"CP07"
"686",659,686,1,NA,FALSE,1,420.5,0.5,230.060790273556,"CP08"
"687",659,687,1,NA,FALSE,1,405,0.5,221.580547112462,"CP09"
"688",659,688,1,NA,FALSE,1,390,0.5,213.373860182371,"CP10"
"689",659,689,1,NA,FALSE,1,376,0.5,205.714285714286,"CP11"
"690",659,690,1,NA,FALSE,1,363.5,0.5,198.87537993921,"CP12"
"691",659,691,1,NA,FALSE,1,351.045454545455,0.5,192.061342912407,"CP13"
"692",691,692,1,NA,FALSE,2,356.5,1.5,195.045592705167,"CP13"
"693",659,693,1,NA,FALSE,1,339.55,0.5,185.772036474164,"CP14"
"694",693,694,1,NA,FALSE,2,344.5,1.5,188.480243161094,"CP14"
"695",659,695,1,NA,FALSE,1,329,0.5,180,"CP15"
"696",659,696,1,NA,FALSE,1,318.5625,0.5,174.289513677812,"CP16"
"697",696,697,1,NA,FALSE,2,322.5,1.5,176.44376899696,"CP16"
"698",659,698,1,NA,FALSE,1,309.5625,0.5,169.365501519757,"CP17"
"699",698,699,1,NA,FALSE,2,313.5,1.5,171.519756838906,"CP17"
"700",659,700,1,NA,FALSE,1,301,0.5,164.68085106383,"CP18"
"701",659,701,1,NA,FALSE,1,292,0.5,159.756838905775,"CP19"
"702",659,702,1,NA,FALSE,1,284,0.5,155.379939209726,"CP20"
"703",659,703,1,NA,FALSE,1,277,0.5,151.550151975684,"CP21"
"704",659,704,1,NA,FALSE,1,270,0.5,147.720364741641,"CP22"
"705",659,705,1,NA,FALSE,1,263.5,0.5,144.164133738602,"CP23"
"706",659,706,1,NA,FALSE,1,257.5,0.5,140.881458966565,"CP24"
"707",659,707,1,NA,FALSE,1,252,0.5,137.872340425532,"CP25"
"708",659,708,1,NA,FALSE,1,247,0.5,135.136778115501,"CP26"
"709",659,709,1,NA,FALSE,1,242,0.5,132.401215805471,"CP27"
"710",659,710,1,NA,FALSE,1,237.5,0.5,129.939209726444,"CP28"
"711",659,711,1,NA,FALSE,1,233.5,0.5,127.750759878419,"CP29"
"712",659,712,1,NA,FALSE,1,229.5,0.5,125.562310030395,"CP30"
"713",659,713,1,NA,FALSE,1,226,0.5,123.647416413374,"CP31"
"714",659,714,1,NA,FALSE,1,223,0.5,122.006079027356,"CP32"
"715",659,715,1,NA,FALSE,1,220,0.5,120.364741641337,"CP33"
"716",659,716,1,NA,FALSE,1,217,0.5,118.723404255319,"CP34"
"717",659,717,1,NA,FALSE,1,214,0.5,117.082066869301,"CP35"
"718",659,718,1,NA,FALSE,1,211,0.5,115.440729483283,"CP36"
"719",659,719,1,NA,FALSE,1,208,0.5,113.799392097264,"CP37"
"720",659,720,1,NA,FALSE,1,205,0.5,112.158054711246,"CP38"
"721",659,721,1,NA,FALSE,1,202,0.5,110.516717325228,"CP39"
"722",659,722,1,NA,FALSE,1,199,0.5,108.87537993921,"CP40"
"723",659,723,1,NA,FALSE,1,196,0.5,107.234042553191,"CP41"
"724",659,724,1,NA,FALSE,1,193,0.5,105.592705167173,"CP42"
"725",659,725,1,NA,FALSE,1,190.5,0.5,104.224924012158,"CP43"
"726",659,726,1,NA,FALSE,1,188.5,0.5,103.130699088146,"CP44"
"727",659,727,1,NA,FALSE,1,186.5,0.5,102.036474164134,"CP45"
"728",659,728,1,NA,FALSE,1,184.5,0.5,100.942249240122,"CP46"
"729",659,729,1,NA,FALSE,1,182.5,0.5,99.8480243161094,"CP47"
"730",659,730,1,NA,FALSE,1,180.5,0.5,98.7537993920973,"CP48"
"731",659,731,1,NA,FALSE,1,178.5,0.5,97.6595744680851,"CP49"
"732",659,732,1,NA,FALSE,1,176.5,0.5,96.5653495440729,"CP50"
"733",659,733,3,NA,FALSE,3,174.5,1.5,95.4711246200608,"CP51"
"734",659,734,1,NA,FALSE,1,172.5,0.5,94.3768996960486,"CP52"
"735",659,735,1,NA,FALSE,1,170.5,0.5,93.2826747720365,"CP53"
"736",659,736,1,NA,FALSE,1,168.5,0.5,92.1884498480243,"CP54"
"737",659,737,1,NA,FALSE,1,166.5,0.5,91.0942249240122,"CP55"
"738",659,738,1,NA,FALSE,1,164.5,0.5,90,"CP56"
"739",659,739,1,NA,FALSE,1,162.5,0.5,88.9057750759878,"CP57"
"740",659,740,2,NA,FALSE,2,160.5,1,87.8115501519757,"CP58"
"741",659,741,1,NA,FALSE,1,158.5,0.5,86.7173252279635,"CP59"
"742",659,742,1,NA,FALSE,1,156.5,0.5,85.6231003039514,"CP60"
"743",659,743,1,NA,FALSE,1,154.5,0.5,84.5288753799392,"CP61"
"744",659,744,1,NA,FALSE,1,152.5,0.5,83.434650455927,"CP62"
"745",659,745,1,NA,FALSE,1,150.5,0.5,82.3404255319149,"CP63"
"746",659,746,1,NA,FALSE,1,148.5,0.5,81.2462006079027,"CP64"
