name,mutrate,num_samples,migration_matrix,num_uniq_mutations,uniq_mut_per_site,total_mut_sites,avg_mut_sites_per_sample,avg_proportion_mut_sites,total_dropout,dropout_per_sample,avg_mutation_age,true_migrations,inferred_migrations,proportion
sim0,0.1264 0.1264 0.1264 0.1264 0.1264 0.1264 0.1264 0.1264 0.1264 0.1264,100,data/true_migration_prob_matrix.csv,71,7.1000,394,3.9400,.3940,5,.0500,4.50913,9,17,1.8888
sim10,0.1264 0.1264 0.1264 0.1264 0.1264 0.1264 0.1264 0.1264 0.1264 0.1264,100,data/true_migration_prob_matrix.csv,,,0,0,0,0,0,,0,,
sim11,0.1264 0.1264 0.1264 0.1264 0.1264 0.1264 0.1264 0.1264 0.1264 0.1264,100,data/true_migration_prob_matrix.csv,,,0,0,0,0,0,,0,,
sim12,0.1264 0.1264 0.1264 0.1264 0.1264 0.1264 0.1264 0.1264 0.1264 0.1264,100,data/true_migration_prob_matrix.csv,64,6.4000,470,4.7000,.4700,2,.0200,4.38818,8,12,1.5000
sim13,0.1264 0.1264 0.1264 0.1264 0.1264 0.1264 0.1264 0.1264 0.1264 0.1264,100,data/true_migration_prob_matrix.csv,,,0,0,0,0,0,,0,,
sim14,0.1264 0.1264 0.1264 0.1264 0.1264 0.1264 0.1264 0.1264 0.1264 0.1264,100,data/true_migration_prob_matrix.csv,58,5.8000,412,4.1200,.4120,0,0,4.62142,13,13,1.0000
sim15,0.1264 0.1264 0.1264 0.1264 0.1264 0.1264 0.1264 0.1264 0.1264 0.1264,100,data/true_migration_prob_matrix.csv,,,0,0,0,0,0,,0,,
sim16,0.1264 0.1264 0.1264 0.1264 0.1264 0.1264 0.1264 0.1264 0.1264 0.1264,100,data/true_migration_prob_matrix.csv,65,6.5000,538,5.3800,.5380,1,.0100,4.18758,4,11,2.7500
sim17,0.1264 0.1264 0.1264 0.1264 0.1264 0.1264 0.1264 0.1264 0.1264 0.1264,100,data/true_migration_prob_matrix.csv,58,5.8000,572,5.7200,.5720,0,0,3.96994,13,19,1.4615
sim18,0.1264 0.1264 0.1264 0.1264 0.1264 0.1264 0.1264 0.1264 0.1264 0.1264,100,data/true_migration_prob_matrix.csv,,,0,0,0,0,0,,0,,
sim19,0.1264 0.1264 0.1264 0.1264 0.1264 0.1264 0.1264 0.1264 0.1264 0.1264,100,data/true_migration_prob_matrix.csv,63,6.3000,314,3.1400,.3140,2,.0200,4.18537,13,28,2.1538
sim1,0.1264 0.1264 0.1264 0.1264 0.1264 0.1264 0.1264 0.1264 0.1264 0.1264,100,data/true_migration_prob_matrix.csv,65,6.5000,529,5.2900,.5290,0,0,5.60184,6,15,2.5000
sim2,0.1264 0.1264 0.1264 0.1264 0.1264 0.1264 0.1264 0.1264 0.1264 0.1264,100,data/true_migration_prob_matrix.csv,61,6.1000,614,6.1400,.6140,0,0,7.39004,10,,
sim3,0.1264 0.1264 0.1264 0.1264 0.1264 0.1264 0.1264 0.1264 0.1264 0.1264,100,data/true_migration_prob_matrix.csv,63,6.3000,343,3.4300,.3430,0,0,3.51414,10,18,1.8000
sim4,0.1264 0.1264 0.1264 0.1264 0.1264 0.1264 0.1264 0.1264 0.1264 0.1264,100,data/true_migration_prob_matrix.csv,67,6.7000,377,3.7700,.3770,0,0,4.18968,5,22,4.4000
sim5,0.1264 0.1264 0.1264 0.1264 0.1264 0.1264 0.1264 0.1264 0.1264 0.1264,100,data/true_migration_prob_matrix.csv,65,6.5000,440,4.4000,.4400,0,0,4.13594,7,23,3.2857
sim6,0.1264 0.1264 0.1264 0.1264 0.1264 0.1264 0.1264 0.1264 0.1264 0.1264,100,data/true_migration_prob_matrix.csv,69,6.9000,349,3.4900,.3490,1,.0100,3.79699,9,22,2.4444
sim7,0.1264 0.1264 0.1264 0.1264 0.1264 0.1264 0.1264 0.1264 0.1264 0.1264,100,data/true_migration_prob_matrix.csv,73,7.3000,428,4.2800,.4280,0,0,3.51464,5,18,3.6000
sim8,0.1264 0.1264 0.1264 0.1264 0.1264 0.1264 0.1264 0.1264 0.1264 0.1264,100,data/true_migration_prob_matrix.csv,66,6.6000,439,4.3900,.4390,3,.0300,3.97596,1,12,12.0000
sim9,0.1264 0.1264 0.1264 0.1264 0.1264 0.1264 0.1264 0.1264 0.1264 0.1264,100,data/true_migration_prob_matrix.csv,58,5.8000,389,3.8900,.3890,0,0,3.69096,6,16,2.6666
sim20,0.1264 0.1264 0.1264 0.1264 0.1264 0.1264 0.1264 0.1264 0.1264 0.1264,100,data/true_migration_prob_matrix.csv,70,7.0000,413,4.1300,.4130,0,0,3.53322,4,18,4.5000
sim21,0.1264 0.1264 0.1264 0.1264 0.1264 0.1264 0.1264 0.1264 0.1264 0.1264,100,data/true_migration_prob_matrix.csv,71,7.1000,410,4.1000,.4100,2,.0200,3.5821,3,,
sim22,0.1264 0.1264 0.1264 0.1264 0.1264 0.1264 0.1264 0.1264 0.1264 0.1264,100,data/true_migration_prob_matrix.csv,68,6.8000,416,4.1600,.4160,0,0,3.74141,8,18,2.2500
sim23,0.1264 0.1264 0.1264 0.1264 0.1264 0.1264 0.1264 0.1264 0.1264 0.1264,100,data/true_migration_prob_matrix.csv,68,6.8000,286,2.8600,.2860,0,0,4.20129,9,29,3.2222
sim24,0.1264 0.1264 0.1264 0.1264 0.1264 0.1264 0.1264 0.1264 0.1264 0.1264,100,data/true_migration_prob_matrix.csv,60,6.0000,483,4.8300,.4830,1,.0100,4.69996,7,15,2.1428
sim25,0.1264 0.1264 0.1264 0.1264 0.1264 0.1264 0.1264 0.1264 0.1264 0.1264,100,data/true_migration_prob_matrix.csv,60,6.0000,601,6.0100,.6010,1,.0100,4.27978,6,7,1.1666
sim26,0.1264 0.1264 0.1264 0.1264 0.1264 0.1264 0.1264 0.1264 0.1264 0.1264,100,data/true_migration_prob_matrix.csv,63,6.3000,522,5.2200,.5220,0,0,5.0728,6,17,2.8333
sim27,0.1264 0.1264 0.1264 0.1264 0.1264 0.1264 0.1264 0.1264 0.1264 0.1264,100,data/true_migration_prob_matrix.csv,65,6.5000,495,4.9500,.4950,10,.1000,4.20605,6,13,2.1666
sim28,0.1264 0.1264 0.1264 0.1264 0.1264 0.1264 0.1264 0.1264 0.1264 0.1264,100,data/true_migration_prob_matrix.csv,68,6.8000,430,4.3000,.4300,5,.0500,5.23272,8,,
sim29,0.1264 0.1264 0.1264 0.1264 0.1264 0.1264 0.1264 0.1264 0.1264 0.1264,100,data/true_migration_prob_matrix.csv,73,7.3000,438,4.3800,.4380,0,0,3.56079,3,17,5.6666
sim30,0.1264 0.1264 0.1264 0.1264 0.1264 0.1264 0.1264 0.1264 0.1264 0.1264,100,data/true_migration_prob_matrix.csv,65,6.5000,445,4.4500,.4450,1,.0100,4.74065,5,11,2.2000
sim31,0.1264 0.1264 0.1264 0.1264 0.1264 0.1264 0.1264 0.1264 0.1264 0.1264,100,data/true_migration_prob_matrix.csv,71,7.1000,382,3.8200,.3820,3,.0300,3.92026,7,27,3.8571
sim32,0.1264 0.1264 0.1264 0.1264 0.1264 0.1264 0.1264 0.1264 0.1264 0.1264,100,data/true_migration_prob_matrix.csv,69,6.9000,429,4.2900,.4290,3,.0300,3.98774,3,20,6.6666
sim33,0.1264 0.1264 0.1264 0.1264 0.1264 0.1264 0.1264 0.1264 0.1264 0.1264,100,data/true_migration_prob_matrix.csv,60,6.0000,446,4.4600,.4460,75,.7500,3.62214,6,13,2.1666
sim34,0.1264 0.1264 0.1264 0.1264 0.1264 0.1264 0.1264 0.1264 0.1264 0.1264,100,data/true_migration_prob_matrix.csv,60,6.0000,492,4.9200,.4920,0,0,4.4713,7,14,2.0000
sim35,0.1264 0.1264 0.1264 0.1264 0.1264 0.1264 0.1264 0.1264 0.1264 0.1264,100,data/true_migration_prob_matrix.csv,68,6.8000,351,3.5100,.3510,0,0,3.66832,14,27,1.9285
sim36,0.1264 0.1264 0.1264 0.1264 0.1264 0.1264 0.1264 0.1264 0.1264 0.1264,100,data/true_migration_prob_matrix.csv,71,7.1000,506,5.0600,.5060,0,0,3.59742,9,,
sim37,0.1264 0.1264 0.1264 0.1264 0.1264 0.1264 0.1264 0.1264 0.1264 0.1264,100,data/true_migration_prob_matrix.csv,66,6.6000,569,5.6900,.5690,0,0,5.36777,3,4,1.3333
sim38,0.1264 0.1264 0.1264 0.1264 0.1264 0.1264 0.1264 0.1264 0.1264 0.1264,100,data/true_migration_prob_matrix.csv,67,6.7000,420,4.2000,.4200,0,0,3.84139,4,22,5.5000
sim39,0.1264 0.1264 0.1264 0.1264 0.1264 0.1264 0.1264 0.1264 0.1264 0.1264,100,data/true_migration_prob_matrix.csv,68,6.8000,399,3.9900,.3990,0,0,3.8428,10,14,1.4000
sim40,0.1264 0.1264 0.1264 0.1264 0.1264 0.1264 0.1264 0.1264 0.1264 0.1264,100,data/true_migration_prob_matrix.csv,61,6.1000,401,4.0100,.4010,0,0,3.75058,5,15,3.0000
sim41,0.1264 0.1264 0.1264 0.1264 0.1264 0.1264 0.1264 0.1264 0.1264 0.1264,100,data/true_migration_prob_matrix.csv,64,6.4000,353,3.5300,.3530,8,.0800,3.19261,11,25,2.2727
sim42,0.1264 0.1264 0.1264 0.1264 0.1264 0.1264 0.1264 0.1264 0.1264 0.1264,100,data/true_migration_prob_matrix.csv,65,6.5000,451,4.5100,.4510,20,.2000,5.09218,6,14,2.3333
sim43,0.1264 0.1264 0.1264 0.1264 0.1264 0.1264 0.1264 0.1264 0.1264 0.1264,100,data/true_migration_prob_matrix.csv,62,6.2000,373,3.7300,.3730,0,0,3.53896,1,13,13.0000
sim44,0.1264 0.1264 0.1264 0.1264 0.1264 0.1264 0.1264 0.1264 0.1264 0.1264,100,data/true_migration_prob_matrix.csv,71,7.1000,413,4.1300,.4130,2,.0200,3.68734,8,24,3.0000
sim45,0.1264 0.1264 0.1264 0.1264 0.1264 0.1264 0.1264 0.1264 0.1264 0.1264,100,data/true_migration_prob_matrix.csv,64,6.4000,519,5.1900,.5190,0,0,4.87387,9,16,1.7777
sim46,0.1264 0.1264 0.1264 0.1264 0.1264 0.1264 0.1264 0.1264 0.1264 0.1264,100,data/true_migration_prob_matrix.csv,72,7.2000,446,4.4600,.4460,0,0,4.08569,10,19,1.9000
sim47,0.1264 0.1264 0.1264 0.1264 0.1264 0.1264 0.1264 0.1264 0.1264 0.1264,100,data/true_migration_prob_matrix.csv,64,6.4000,467,4.6700,.4670,0,0,3.64738,3,6,2.0000
sim48,0.1264 0.1264 0.1264 0.1264 0.1264 0.1264 0.1264 0.1264 0.1264 0.1264,100,data/true_migration_prob_matrix.csv,67,6.7000,542,5.4200,.5420,13,.1300,4.74463,2,9,4.5000
sim49,0.1264 0.1264 0.1264 0.1264 0.1264 0.1264 0.1264 0.1264 0.1264 0.1264,100,data/true_migration_prob_matrix.csv,67,6.7000,324,3.2400,.3240,0,0,4.45899,5,26,5.2000
sim50,0.1264 0.1264 0.1264 0.1264 0.1264 0.1264 0.1264 0.1264 0.1264 0.1264,100,data/true_migration_prob_matrix.csv,62,6.2000,463,4.6300,.4630,0,0,4.73283,8,14,1.7500
sim51,0.1264 0.1264 0.1264 0.1264 0.1264 0.1264 0.1264 0.1264 0.1264 0.1264,100,data/true_migration_prob_matrix.csv,67,6.7000,560,5.6000,.5600,0,0,4.24538,3,18,6.0000
sim52,0.1264 0.1264 0.1264 0.1264 0.1264 0.1264 0.1264 0.1264 0.1264 0.1264,100,data/true_migration_prob_matrix.csv,64,6.4000,395,3.9500,.3950,2,.0200,4.24261,7,22,3.1428
sim53,0.1264 0.1264 0.1264 0.1264 0.1264 0.1264 0.1264 0.1264 0.1264 0.1264,100,data/true_migration_prob_matrix.csv,64,6.4000,444,4.4400,.4440,0,0,3.74816,7,15,2.1428
sim54,0.1264 0.1264 0.1264 0.1264 0.1264 0.1264 0.1264 0.1264 0.1264 0.1264,100,data/true_migration_prob_matrix.csv,60,6.0000,562,5.6200,.5620,0,0,3.98683,5,12,2.4000
sim55,0.1264 0.1264 0.1264 0.1264 0.1264 0.1264 0.1264 0.1264 0.1264 0.1264,100,data/true_migration_prob_matrix.csv,57,5.7000,500,5.0000,.5000,3,.0300,3.74633,12,13,1.0833
sim56,0.1264 0.1264 0.1264 0.1264 0.1264 0.1264 0.1264 0.1264 0.1264 0.1264,100,data/true_migration_prob_matrix.csv,66,6.6000,465,4.6500,.4650,1,.0100,4.98521,5,4,.8000
sim57,0.1264 0.1264 0.1264 0.1264 0.1264 0.1264 0.1264 0.1264 0.1264 0.1264,100,data/true_migration_prob_matrix.csv,64,6.4000,402,4.0200,.4020,5,.0500,3.86783,4,25,6.2500
sim58,0.1264 0.1264 0.1264 0.1264 0.1264 0.1264 0.1264 0.1264 0.1264 0.1264,100,data/true_migration_prob_matrix.csv,72,7.2000,406,4.0600,.4060,0,0,3.06165,7,21,3.0000
sim59,0.1264 0.1264 0.1264 0.1264 0.1264 0.1264 0.1264 0.1264 0.1264 0.1264,100,data/true_migration_prob_matrix.csv,58,5.8000,541,5.4100,.5410,0,0,3.62702,5,16,3.2000
sim60,0.1264 0.1264 0.1264 0.1264 0.1264 0.1264 0.1264 0.1264 0.1264 0.1264,100,data/true_migration_prob_matrix.csv,66,6.6000,360,3.6000,.3600,2,.0200,3.96038,4,18,4.5000
sim61,0.1264 0.1264 0.1264 0.1264 0.1264 0.1264 0.1264 0.1264 0.1264 0.1264,100,data/true_migration_prob_matrix.csv,56,5.6000,516,5.1600,.5160,2,.0200,4.24491,6,3,.5000
sim62,0.1264 0.1264 0.1264 0.1264 0.1264 0.1264 0.1264 0.1264 0.1264 0.1264,100,data/true_migration_prob_matrix.csv,66,6.6000,480,4.8000,.4800,1,.0100,3.75374,3,16,5.3333
sim63,0.1264 0.1264 0.1264 0.1264 0.1264 0.1264 0.1264 0.1264 0.1264 0.1264,100,data/true_migration_prob_matrix.csv,68,6.8000,411,4.1100,.4110,3,.0300,3.30401,4,15,3.7500
sim64,0.1264 0.1264 0.1264 0.1264 0.1264 0.1264 0.1264 0.1264 0.1264 0.1264,100,data/true_migration_prob_matrix.csv,69,6.9000,355,3.5500,.3550,1,.0100,3.49494,10,22,2.2000
sim65,0.1264 0.1264 0.1264 0.1264 0.1264 0.1264 0.1264 0.1264 0.1264 0.1264,100,data/true_migration_prob_matrix.csv,60,6.0000,420,4.2000,.4200,3,.0300,3.3016,4,18,4.5000
sim66,0.1264 0.1264 0.1264 0.1264 0.1264 0.1264 0.1264 0.1264 0.1264 0.1264,100,data/true_migration_prob_matrix.csv,65,6.5000,490,4.9000,.4900,0,0,4.71998,11,,
sim67,0.1264 0.1264 0.1264 0.1264 0.1264 0.1264 0.1264 0.1264 0.1264 0.1264,100,data/true_migration_prob_matrix.csv,65,6.5000,490,4.9000,.4900,0,0,3.69727,2,24,12.0000
sim68,0.1264 0.1264 0.1264 0.1264 0.1264 0.1264 0.1264 0.1264 0.1264 0.1264,100,data/true_migration_prob_matrix.csv,72,7.2000,482,4.8200,.4820,3,.0300,4.46958,3,12,4.0000
sim69,0.1264 0.1264 0.1264 0.1264 0.1264 0.1264 0.1264 0.1264 0.1264 0.1264,100,data/true_migration_prob_matrix.csv,70,7.0000,404,4.0400,.4040,0,0,3.88787,8,17,2.1250
sim70,0.1264 0.1264 0.1264 0.1264 0.1264 0.1264 0.1264 0.1264 0.1264 0.1264,100,data/true_migration_prob_matrix.csv,68,6.8000,448,4.4800,.4480,0,0,3.77013,8,,
sim71,0.1264 0.1264 0.1264 0.1264 0.1264 0.1264 0.1264 0.1264 0.1264 0.1264,100,data/true_migration_prob_matrix.csv,70,7.0000,559,5.5900,.5590,3,.0300,4.61225,9,8,.8888
sim72,0.1264 0.1264 0.1264 0.1264 0.1264 0.1264 0.1264 0.1264 0.1264 0.1264,100,data/true_migration_prob_matrix.csv,68,6.8000,462,4.6200,.4620,0,0,5.03091,7,6,.8571
sim73,0.1264 0.1264 0.1264 0.1264 0.1264 0.1264 0.1264 0.1264 0.1264 0.1264,100,data/true_migration_prob_matrix.csv,53,5.3000,525,5.2500,.5250,3,.0300,3.82755,3,8,2.6666
sim74,0.1264 0.1264 0.1264 0.1264 0.1264 0.1264 0.1264 0.1264 0.1264 0.1264,100,data/true_migration_prob_matrix.csv,71,7.1000,447,4.4700,.4470,0,0,3.88249,8,24,3.0000
sim75,0.1264 0.1264 0.1264 0.1264 0.1264 0.1264 0.1264 0.1264 0.1264 0.1264,100,data/true_migration_prob_matrix.csv,69,6.9000,366,3.6600,.3660,1,.0100,3.51845,3,32,10.6666
sim76,0.1264 0.1264 0.1264 0.1264 0.1264 0.1264 0.1264 0.1264 0.1264 0.1264,100,data/true_migration_prob_matrix.csv,60,6.0000,580,5.8000,.5800,0,0,4.79688,5,,
sim77,0.1264 0.1264 0.1264 0.1264 0.1264 0.1264 0.1264 0.1264 0.1264 0.1264,100,data/true_migration_prob_matrix.csv,66,6.6000,441,4.4100,.4410,5,.0500,4.53485,4,5,1.2500
sim78,0.1264 0.1264 0.1264 0.1264 0.1264 0.1264 0.1264 0.1264 0.1264 0.1264,100,data/true_migration_prob_matrix.csv,66,6.6000,470,4.7000,.4700,0,0,4.02089,7,23,3.2857
sim79,0.1264 0.1264 0.1264 0.1264 0.1264 0.1264 0.1264 0.1264 0.1264 0.1264,100,data/true_migration_prob_matrix.csv,65,6.5000,480,4.8000,.4800,1,.0100,4.30311,4,14,3.5000
sim80,0.1264 0.1264 0.1264 0.1264 0.1264 0.1264 0.1264 0.1264 0.1264 0.1264,100,data/true_migration_prob_matrix.csv,66,6.6000,444,4.4400,.4440,12,.1200,3.70791,10,11,1.1000
sim81,0.1264 0.1264 0.1264 0.1264 0.1264 0.1264 0.1264 0.1264 0.1264 0.1264,100,data/true_migration_prob_matrix.csv,51,5.1000,733,7.3300,.7330,0,0,5.52058,3,3,1.0000
sim82,0.1264 0.1264 0.1264 0.1264 0.1264 0.1264 0.1264 0.1264 0.1264 0.1264,100,data/true_migration_prob_matrix.csv,69,6.9000,367,3.6700,.3670,0,0,3.98367,5,21,4.2000
sim83,0.1264 0.1264 0.1264 0.1264 0.1264 0.1264 0.1264 0.1264 0.1264 0.1264,100,data/true_migration_prob_matrix.csv,71,7.1000,406,4.0600,.4060,0,0,4.15068,3,22,7.3333
sim84,0.1264 0.1264 0.1264 0.1264 0.1264 0.1264 0.1264 0.1264 0.1264 0.1264,100,data/true_migration_prob_matrix.csv,68,6.8000,401,4.0100,.4010,6,.0600,4.17936,5,15,3.0000
sim85,0.1264 0.1264 0.1264 0.1264 0.1264 0.1264 0.1264 0.1264 0.1264 0.1264,100,data/true_migration_prob_matrix.csv,67,6.7000,386,3.8600,.3860,2,.0200,3.70742,7,19,2.7142
sim86,0.1264 0.1264 0.1264 0.1264 0.1264 0.1264 0.1264 0.1264 0.1264 0.1264,100,data/true_migration_prob_matrix.csv,62,6.2000,420,4.2000,.4200,0,0,3.77099,8,12,1.5000
sim87,0.1264 0.1264 0.1264 0.1264 0.1264 0.1264 0.1264 0.1264 0.1264 0.1264,100,data/true_migration_prob_matrix.csv,69,6.9000,465,4.6500,.4650,8,.0800,3.89923,7,21,3.0000
sim88,0.1264 0.1264 0.1264 0.1264 0.1264 0.1264 0.1264 0.1264 0.1264 0.1264,100,data/true_migration_prob_matrix.csv,66,6.6000,431,4.3100,.4310,0,0,4.12018,13,23,1.7692
sim89,0.1264 0.1264 0.1264 0.1264 0.1264 0.1264 0.1264 0.1264 0.1264 0.1264,100,data/true_migration_prob_matrix.csv,73,7.3000,421,4.2100,.4210,0,0,3.87898,8,23,2.8750
sim90,0.1264 0.1264 0.1264 0.1264 0.1264 0.1264 0.1264 0.1264 0.1264 0.1264,100,data/true_migration_prob_matrix.csv,73,7.3000,366,3.6600,.3660,0,0,4.30739,4,21,5.2500
sim91,0.1264 0.1264 0.1264 0.1264 0.1264 0.1264 0.1264 0.1264 0.1264 0.1264,100,data/true_migration_prob_matrix.csv,69,6.9000,451,4.5100,.4510,0,0,4.38386,8,20,2.5000
sim92,0.1264 0.1264 0.1264 0.1264 0.1264 0.1264 0.1264 0.1264 0.1264 0.1264,100,data/true_migration_prob_matrix.csv,66,6.6000,490,4.9000,.4900,0,0,4.76119,10,,
sim93,0.1264 0.1264 0.1264 0.1264 0.1264 0.1264 0.1264 0.1264 0.1264 0.1264,100,data/true_migration_prob_matrix.csv,61,6.1000,400,4.0000,.4000,69,.6900,3.65943,4,16,4.0000
sim94,0.1264 0.1264 0.1264 0.1264 0.1264 0.1264 0.1264 0.1264 0.1264 0.1264,100,data/true_migration_prob_matrix.csv,70,7.0000,348,3.4800,.3480,0,0,4.22721,12,23,1.9166
sim95,0.1264 0.1264 0.1264 0.1264 0.1264 0.1264 0.1264 0.1264 0.1264 0.1264,100,data/true_migration_prob_matrix.csv,62,6.2000,466,4.6600,.4660,9,.0900,3.50703,9,10,1.1111
sim96,0.1264 0.1264 0.1264 0.1264 0.1264 0.1264 0.1264 0.1264 0.1264 0.1264,100,data/true_migration_prob_matrix.csv,70,7.0000,386,3.8600,.3860,4,.0400,4.73931,5,,
sim97,0.1264 0.1264 0.1264 0.1264 0.1264 0.1264 0.1264 0.1264 0.1264 0.1264,100,data/true_migration_prob_matrix.csv,70,7.0000,355,3.5500,.3550,0,0,4.14967,9,29,3.2222
sim98,0.1264 0.1264 0.1264 0.1264 0.1264 0.1264 0.1264 0.1264 0.1264 0.1264,100,data/true_migration_prob_matrix.csv,66,6.6000,565,5.6500,.5650,0,0,4.56283,3,10,3.3333
sim99,0.1264 0.1264 0.1264 0.1264 0.1264 0.1264 0.1264 0.1264 0.1264 0.1264,100,data/true_migration_prob_matrix.csv,63,6.3000,392,3.9200,.3920,0,0,4.83959,9,11,1.2222
sim100,0.3173305 0.0009823 0.00000008 0.00000162 0.00000335 0.18609872 0.00000254 0 0 0,100,data/true_migration_prob_matrix.csv,39,5.5714,114,1.1400,.1628,0,0,3.49055,9,13,1.4444
sim101,0.3173305 0.0009823 0.00000008 0.00000162 0.00000335 0.18609872 0.00000254 0 0 0,100,data/true_migration_prob_matrix.csv,20,2.8571,168,1.6800,.2400,0,0,4.48114,10,6,.6000
sim102,0.3173305 0.0009823 0.00000008 0.00000162 0.00000335 0.18609872 0.00000254 0 0 0,100,data/true_migration_prob_matrix.csv,40,5.7142,108,1.0800,.1542,0,0,4.1086,5,12,2.4000
sim103,0.3173305 0.0009823 0.00000008 0.00000162 0.00000335 0.18609872 0.00000254 0 0 0,100,data/true_migration_prob_matrix.csv,3,.4285,202,2.0200,.2885,0,0,1.26826,3,,
sim104,0.3173305 0.0009823 0.00000008 0.00000162 0.00000335 0.18609872 0.00000254 0 0 0,100,data/true_migration_prob_matrix.csv,36,5.1428,111,1.1100,.1585,0,0,4.9028,4,16,4.0000
sim105,0.3173305 0.0009823 0.00000008 0.00000162 0.00000335 0.18609872 0.00000254 0 0 0,100,data/true_migration_prob_matrix.csv,34,4.8571,132,1.3200,.1885,2,.0200,4.62915,8,12,1.5000
sim106,0.3173305 0.0009823 0.00000008 0.00000162 0.00000335 0.18609872 0.00000254 0 0 0,100,data/true_migration_prob_matrix.csv,28,4.0000,174,1.7400,.2485,0,0,4.84619,6,2,.3333
sim107,0.3173305 0.0009823 0.00000008 0.00000162 0.00000335 0.18609872 0.00000254 0 0 0,100,data/true_migration_prob_matrix.csv,33,4.7142,156,1.5600,.2228,4,.0400,4.13784,6,3,.5000
sim108,0.3173305 0.0009823 0.00000008 0.00000162 0.00000335 0.18609872 0.00000254 0 0 0,100,data/true_migration_prob_matrix.csv,42,6.0000,141,1.4100,.2014,4,.0400,3.87258,7,15,2.1428
sim109,0.3173305 0.0009823 0.00000008 0.00000162 0.00000335 0.18609872 0.00000254 0 0 0,100,data/true_migration_prob_matrix.csv,34,4.8571,130,1.3000,.1857,1,.0100,4.28319,1,13,13.0000
sim110,0.3173305 0.0009823 0.00000008 0.00000162 0.00000335 0.18609872 0.00000254 0 0 0,100,data/true_migration_prob_matrix.csv,37,5.2857,116,1.1600,.1657,0,0,3.7845,8,19,2.3750
sim111,0.3173305 0.0009823 0.00000008 0.00000162 0.00000335 0.18609872 0.00000254 0 0 0,100,data/true_migration_prob_matrix.csv,30,4.2857,139,1.3900,.1985,3,.0300,4.83404,2,9,4.5000
sim112,0.3173305 0.0009823 0.00000008 0.00000162 0.00000335 0.18609872 0.00000254 0 0 0,100,data/true_migration_prob_matrix.csv,26,3.7142,148,1.4800,.2114,0,0,3.91692,11,2,.1818
sim113,0.3173305 0.0009823 0.00000008 0.00000162 0.00000335 0.18609872 0.00000254 0 0 0,100,data/true_migration_prob_matrix.csv,28,4.0000,120,1.2000,.1714,0,0,4.19509,7,13,1.8571
sim114,0.3173305 0.0009823 0.00000008 0.00000162 0.00000335 0.18609872 0.00000254 0 0 0,100,data/true_migration_prob_matrix.csv,33,4.7142,128,1.2800,.1828,9,.0900,3.96568,5,10,2.0000
sim115,0.3173305 0.0009823 0.00000008 0.00000162 0.00000335 0.18609872 0.00000254 0 0 0,100,data/true_migration_prob_matrix.csv,39,5.5714,141,1.4100,.2014,0,0,3.87604,7,12,1.7142
sim116,0.3173305 0.0009823 0.00000008 0.00000162 0.00000335 0.18609872 0.00000254 0 0 0,100,data/true_migration_prob_matrix.csv,41,5.8571,120,1.2000,.1714,0,0,3.41719,10,18,1.8000
sim117,0.3173305 0.0009823 0.00000008 0.00000162 0.00000335 0.18609872 0.00000254 0 0 0,100,data/true_migration_prob_matrix.csv,35,5.0000,133,1.3300,.1900,0,0,4.07461,5,9,1.8000
sim118,0.3173305 0.0009823 0.00000008 0.00000162 0.00000335 0.18609872 0.00000254 0 0 0,100,data/true_migration_prob_matrix.csv,30,4.2857,164,1.6400,.2342,0,0,4.02173,9,2,.2222
sim119,0.3173305 0.0009823 0.00000008 0.00000162 0.00000335 0.18609872 0.00000254 0 0 0,100,data/true_migration_prob_matrix.csv,17,2.4285,180,1.8000,.2571,0,0,3.93792,13,2,.1538
sim120,0.3173305 0.0009823 0.00000008 0.00000162 0.00000335 0.18609872 0.00000254 0 0 0,100,data/true_migration_prob_matrix.csv,44,6.2857,117,1.1700,.1671,9,.0900,4.48692,4,20,5.0000
sim121,0.3173305 0.0009823 0.00000008 0.00000162 0.00000335 0.18609872 0.00000254 0 0 0,100,data/true_migration_prob_matrix.csv,2,.2857,200,2.0000,.2857,0,0,0.598918,6,2,.3333
sim122,0.3173305 0.0009823 0.00000008 0.00000162 0.00000335 0.18609872 0.00000254 0 0 0,100,data/true_migration_prob_matrix.csv,25,3.5714,173,1.7300,.2471,0,0,3.73271,3,2,.6666
sim123,0.3173305 0.0009823 0.00000008 0.00000162 0.00000335 0.18609872 0.00000254 0 0 0,100,data/true_migration_prob_matrix.csv,43,6.1428,109,1.0900,.1557,0,0,3.97887,10,19,1.9000
sim124,0.3173305 0.0009823 0.00000008 0.00000162 0.00000335 0.18609872 0.00000254 0 0 0,100,data/true_migration_prob_matrix.csv,42,6.0000,117,1.1700,.1671,0,0,3.97032,7,22,3.1428
sim125,0.3173305 0.0009823 0.00000008 0.00000162 0.00000335 0.18609872 0.00000254 0 0 0,100,data/true_migration_prob_matrix.csv,21,3.0000,179,1.7900,.2557,0,0,3.66232,7,2,.2857
sim126,0.3173305 0.0009823 0.00000008 0.00000162 0.00000335 0.18609872 0.00000254 0 0 0,100,data/true_migration_prob_matrix.csv,34,4.8571,117,1.1700,.1671,0,0,3.36893,8,14,1.7500
sim127,0.3173305 0.0009823 0.00000008 0.00000162 0.00000335 0.18609872 0.00000254 0 0 0,100,data/true_migration_prob_matrix.csv,32,4.5714,159,1.5900,.2271,1,.0100,5.94379,9,2,.2222
sim128,0.3173305 0.0009823 0.00000008 0.00000162 0.00000335 0.18609872 0.00000254 0 0 0,100,data/true_migration_prob_matrix.csv,37,5.2857,89,.8900,.1271,0,0,4.61786,6,17,2.8333
sim129,0.3173305 0.0009823 0.00000008 0.00000162 0.00000335 0.18609872 0.00000254 0 0 0,100,data/true_migration_prob_matrix.csv,34,4.8571,124,1.2400,.1771,0,0,3.80871,5,12,2.4000
sim130,0.3173305 0.0009823 0.00000008 0.00000162 0.00000335 0.18609872 0.00000254 0 0 0,100,data/true_migration_prob_matrix.csv,20,2.8571,168,1.6800,.2400,0,0,4.11266,7,2,.2857
sim131,0.3173305 0.0009823 0.00000008 0.00000162 0.00000335 0.18609872 0.00000254 0 0 0,100,data/true_migration_prob_matrix.csv,40,5.7142,125,1.2500,.1785,11,.1100,3.49976,7,13,1.8571
sim132,0.3173305 0.0009823 0.00000008 0.00000162 0.00000335 0.18609872 0.00000254 0 0 0,100,data/true_migration_prob_matrix.csv,28,4.0000,163,1.6300,.2328,0,0,3.97589,4,2,.5000
sim133,0.3173305 0.0009823 0.00000008 0.00000162 0.00000335 0.18609872 0.00000254 0 0 0,100,data/true_migration_prob_matrix.csv,29,4.1428,140,1.4000,.2000,1,.0100,4.34441,9,4,.4444
sim134,0.3173305 0.0009823 0.00000008 0.00000162 0.00000335 0.18609872 0.00000254 0 0 0,100,data/true_migration_prob_matrix.csv,45,6.4285,104,1.0400,.1485,0,0,4.60884,3,18,6.0000
sim135,0.3173305 0.0009823 0.00000008 0.00000162 0.00000335 0.18609872 0.00000254 0 0 0,100,data/true_migration_prob_matrix.csv,36,5.1428,153,1.5300,.2185,0,0,4.59221,9,6,.6666
sim136,0.3173305 0.0009823 0.00000008 0.00000162 0.00000335 0.18609872 0.00000254 0 0 0,100,data/true_migration_prob_matrix.csv,38,5.4285,105,1.0500,.1500,0,0,4.95944,6,15,2.5000
sim137,0.3173305 0.0009823 0.00000008 0.00000162 0.00000335 0.18609872 0.00000254 0 0 0,100,data/true_migration_prob_matrix.csv,15,2.1428,168,1.6800,.2400,0,0,3.97799,6,4,.6666
sim138,0.3173305 0.0009823 0.00000008 0.00000162 0.00000335 0.18609872 0.00000254 0 0 0,100,data/true_migration_prob_matrix.csv,19,2.7142,144,1.4400,.2057,0,0,5.19476,5,2,.4000
sim139,0.3173305 0.0009823 0.00000008 0.00000162 0.00000335 0.18609872 0.00000254 0 0 0,100,data/true_migration_prob_matrix.csv,30,4.2857,129,1.2900,.1842,0,0,3.74428,3,13,4.3333
sim140,0.3173305 0.0009823 0.00000008 0.00000162 0.00000335 0.18609872 0.00000254 0 0 0,100,data/true_migration_prob_matrix.csv,35,5.0000,162,1.6200,.2314,0,0,3.76865,2,10,5.0000
sim141,0.3173305 0.0009823 0.00000008 0.00000162 0.00000335 0.18609872 0.00000254 0 0 0,100,data/true_migration_prob_matrix.csv,45,6.4285,119,1.1900,.1700,0,0,4.23135,10,17,1.7000
sim142,0.3173305 0.0009823 0.00000008 0.00000162 0.00000335 0.18609872 0.00000254 0 0 0,100,data/true_migration_prob_matrix.csv,37,5.2857,136,1.3600,.1942,0,0,3.13772,8,15,1.8750
sim143,0.3173305 0.0009823 0.00000008 0.00000162 0.00000335 0.18609872 0.00000254 0 0 0,100,data/true_migration_prob_matrix.csv,38,5.4285,129,1.2900,.1842,4,.0400,4.15344,4,19,4.7500
sim144,0.3173305 0.0009823 0.00000008 0.00000162 0.00000335 0.18609872 0.00000254 0 0 0,100,data/true_migration_prob_matrix.csv,40,5.7142,136,1.3600,.1942,0,0,3.4378,10,24,2.4000
sim145,0.3173305 0.0009823 0.00000008 0.00000162 0.00000335 0.18609872 0.00000254 0 0 0,100,data/true_migration_prob_matrix.csv,39,5.5714,114,1.1400,.1628,2,.0200,3.96752,5,11,2.2000
sim146,0.3173305 0.0009823 0.00000008 0.00000162 0.00000335 0.18609872 0.00000254 0 0 0,100,data/true_migration_prob_matrix.csv,37,5.2857,138,1.3800,.1971,0,0,3.68121,7,14,2.0000
sim147,0.3173305 0.0009823 0.00000008 0.00000162 0.00000335 0.18609872 0.00000254 0 0 0,100,data/true_migration_prob_matrix.csv,18,2.5714,186,1.8600,.2657,0,0,5.0403,10,2,.2000
sim148,0.3173305 0.0009823 0.00000008 0.00000162 0.00000335 0.18609872 0.00000254 0 0 0,100,data/true_migration_prob_matrix.csv,38,5.4285,139,1.3900,.1985,0,0,5.17011,3,12,4.0000
sim149,0.3173305 0.0009823 0.00000008 0.00000162 0.00000335 0.18609872 0.00000254 0 0 0,100,data/true_migration_prob_matrix.csv,30,4.2857,159,1.5900,.2271,0,0,3.81198,6,5,.8333
sim150,0.3173305 0.0009823 0.00000008 0.00000162 0.00000335 0.18609872 0.00000254 0 0 0,100,data/true_migration_prob_matrix.csv,39,5.5714,127,1.2700,.1814,0,0,3.77513,10,12,1.2000
sim151,0.3173305 0.0009823 0.00000008 0.00000162 0.00000335 0.18609872 0.00000254 0 0 0,100,data/true_migration_prob_matrix.csv,43,6.1428,118,1.1800,.1685,0,0,4.56376,9,17,1.8888
sim152,0.3173305 0.0009823 0.00000008 0.00000162 0.00000335 0.18609872 0.00000254 0 0 0,100,data/true_migration_prob_matrix.csv,34,4.8571,109,1.0900,.1557,1,.0100,3.77266,2,11,5.5000
sim153,0.3173305 0.0009823 0.00000008 0.00000162 0.00000335 0.18609872 0.00000254 0 0 0,100,data/true_migration_prob_matrix.csv,44,6.2857,128,1.2800,.1828,0,0,4.42079,5,19,3.8000
sim154,0.3173305 0.0009823 0.00000008 0.00000162 0.00000335 0.18609872 0.00000254 0 0 0,100,data/true_migration_prob_matrix.csv,27,3.8571,156,1.5600,.2228,0,0,4.04997,4,6,1.5000
sim155,0.3173305 0.0009823 0.00000008 0.00000162 0.00000335 0.18609872 0.00000254 0 0 0,100,data/true_migration_prob_matrix.csv,30,4.2857,117,1.1700,.1671,0,0,3.47137,3,11,3.6666
sim156,0.3173305 0.0009823 0.00000008 0.00000162 0.00000335 0.18609872 0.00000254 0 0 0,100,data/true_migration_prob_matrix.csv,29,4.1428,142,1.4200,.2028,0,0,3.76994,10,8,.8000
sim157,0.3173305 0.0009823 0.00000008 0.00000162 0.00000335 0.18609872 0.00000254 0 0 0,100,data/true_migration_prob_matrix.csv,39,5.5714,91,.9100,.1300,0,0,3.65687,7,17,2.4285
sim158,0.3173305 0.0009823 0.00000008 0.00000162 0.00000335 0.18609872 0.00000254 0 0 0,100,data/true_migration_prob_matrix.csv,35,5.0000,137,1.3700,.1957,0,0,3.44779,5,13,2.6000
sim159,0.3173305 0.0009823 0.00000008 0.00000162 0.00000335 0.18609872 0.00000254 0 0 0,100,data/true_migration_prob_matrix.csv,33,4.7142,141,1.4100,.2014,0,0,4.47727,6,9,1.5000
sim160,0.3173305 0.0009823 0.00000008 0.00000162 0.00000335 0.18609872 0.00000254 0 0 0,100,data/true_migration_prob_matrix.csv,37,5.2857,116,1.1600,.1657,0,0,3.69373,12,16,1.3333
sim161,0.3173305 0.0009823 0.00000008 0.00000162 0.00000335 0.18609872 0.00000254 0 0 0,100,data/true_migration_prob_matrix.csv,15,2.1428,156,1.5600,.2228,0,0,3.97822,8,2,.2500
sim162,0.3173305 0.0009823 0.00000008 0.00000162 0.00000335 0.18609872 0.00000254 0 0 0,100,data/true_migration_prob_matrix.csv,44,6.2857,124,1.2400,.1771,0,0,4.9054,11,16,1.4545
sim163,0.3173305 0.0009823 0.00000008 0.00000162 0.00000335 0.18609872 0.00000254 0 0 0,100,data/true_migration_prob_matrix.csv,29,4.1428,130,1.3000,.1857,1,.0100,3.86667,4,10,2.5000
sim164,0.3173305 0.0009823 0.00000008 0.00000162 0.00000335 0.18609872 0.00000254 0 0 0,100,data/true_migration_prob_matrix.csv,36,5.1428,157,1.5700,.2242,0,0,5.25385,8,11,1.3750
sim165,0.3173305 0.0009823 0.00000008 0.00000162 0.00000335 0.18609872 0.00000254 0 0 0,100,data/true_migration_prob_matrix.csv,41,5.8571,133,1.3300,.1900,0,0,4.75301,16,21,1.3125
sim166,0.3173305 0.0009823 0.00000008 0.00000162 0.00000335 0.18609872 0.00000254 0 0 0,100,data/true_migration_prob_matrix.csv,40,5.7142,108,1.0800,.1542,0,0,3.41923,5,21,4.2000
sim167,0.3173305 0.0009823 0.00000008 0.00000162 0.00000335 0.18609872 0.00000254 0 0 0,100,data/true_migration_prob_matrix.csv,37,5.2857,123,1.2300,.1757,0,0,3.61734,7,10,1.4285
sim168,0.3173305 0.0009823 0.00000008 0.00000162 0.00000335 0.18609872 0.00000254 0 0 0,100,data/true_migration_prob_matrix.csv,43,6.1428,127,1.2700,.1814,2,.0200,4.10749,9,18,2.0000
sim169,0.3173305 0.0009823 0.00000008 0.00000162 0.00000335 0.18609872 0.00000254 0 0 0,100,data/true_migration_prob_matrix.csv,40,5.7142,123,1.2300,.1757,27,.2700,3.74901,5,13,2.6000
sim170,0.3173305 0.0009823 0.00000008 0.00000162 0.00000335 0.18609872 0.00000254 0 0 0,100,data/true_migration_prob_matrix.csv,40,5.7142,140,1.4000,.2000,0,0,4.73979,3,12,4.0000
sim171,0.3173305 0.0009823 0.00000008 0.00000162 0.00000335 0.18609872 0.00000254 0 0 0,100,data/true_migration_prob_matrix.csv,2,.2857,200,2.0000,.2857,0,0,0.453608,2,2,1.0000
sim172,0.3173305 0.0009823 0.00000008 0.00000162 0.00000335 0.18609872 0.00000254 0 0 0,100,data/true_migration_prob_matrix.csv,23,3.2857,160,1.6000,.2285,1,.0100,4.46985,5,2,.4000
sim173,0.3173305 0.0009823 0.00000008 0.00000162 0.00000335 0.18609872 0.00000254 0 0 0,100,data/true_migration_prob_matrix.csv,38,5.4285,113,1.1300,.1614,0,0,3.99867,5,9,1.8000
sim174,0.3173305 0.0009823 0.00000008 0.00000162 0.00000335 0.18609872 0.00000254 0 0 0,100,data/true_migration_prob_matrix.csv,27,3.8571,161,1.6100,.2300,0,0,4.08411,8,4,.5000
sim175,0.3173305 0.0009823 0.00000008 0.00000162 0.00000335 0.18609872 0.00000254 0 0 0,100,data/true_migration_prob_matrix.csv,34,4.8571,99,.9900,.1414,2,.0200,3.97364,3,15,5.0000
sim176,0.3173305 0.0009823 0.00000008 0.00000162 0.00000335 0.18609872 0.00000254 0 0 0,100,data/true_migration_prob_matrix.csv,41,5.8571,112,1.1200,.1600,2,.0200,4.06814,3,13,4.3333
sim177,0.3173305 0.0009823 0.00000008 0.00000162 0.00000335 0.18609872 0.00000254 0 0 0,100,data/true_migration_prob_matrix.csv,41,5.8571,108,1.0800,.1542,0,0,3.96279,10,16,1.6000
sim178,0.3173305 0.0009823 0.00000008 0.00000162 0.00000335 0.18609872 0.00000254 0 0 0,100,data/true_migration_prob_matrix.csv,45,6.4285,136,1.3600,.1942,0,0,3.93274,8,12,1.5000
sim179,0.3173305 0.0009823 0.00000008 0.00000162 0.00000335 0.18609872 0.00000254 0 0 0,100,data/true_migration_prob_matrix.csv,38,5.4285,124,1.2400,.1771,7,.0700,5.20865,5,9,1.8000
sim180,0.3173305 0.0009823 0.00000008 0.00000162 0.00000335 0.18609872 0.00000254 0 0 0,100,data/true_migration_prob_matrix.csv,37,5.2857,155,1.5500,.2214,0,0,5.69067,4,11,2.7500
sim181,0.3173305 0.0009823 0.00000008 0.00000162 0.00000335 0.18609872 0.00000254 0 0 0,100,data/true_migration_prob_matrix.csv,40,5.7142,98,.9800,.1400,0,0,4.32776,7,12,1.7142
sim182,0.3173305 0.0009823 0.00000008 0.00000162 0.00000335 0.18609872 0.00000254 0 0 0,100,data/true_migration_prob_matrix.csv,35,5.0000,128,1.2800,.1828,0,0,4.07305,5,13,2.6000
sim183,0.3173305 0.0009823 0.00000008 0.00000162 0.00000335 0.18609872 0.00000254 0 0 0,100,data/true_migration_prob_matrix.csv,34,4.8571,118,1.1800,.1685,0,0,4.90093,7,16,2.2857
sim184,0.3173305 0.0009823 0.00000008 0.00000162 0.00000335 0.18609872 0.00000254 0 0 0,100,data/true_migration_prob_matrix.csv,20,2.8571,172,1.7200,.2457,0,0,4.98892,11,2,.1818
sim185,0.3173305 0.0009823 0.00000008 0.00000162 0.00000335 0.18609872 0.00000254 0 0 0,100,data/true_migration_prob_matrix.csv,38,5.4285,122,1.2200,.1742,2,.0200,4.08636,4,18,4.5000
sim186,0.3173305 0.0009823 0.00000008 0.00000162 0.00000335 0.18609872 0.00000254 0 0 0,100,data/true_migration_prob_matrix.csv,35,5.0000,110,1.1000,.1571,1,.0100,4.80055,6,13,2.1666
sim187,0.3173305 0.0009823 0.00000008 0.00000162 0.00000335 0.18609872 0.00000254 0 0 0,100,data/true_migration_prob_matrix.csv,41,5.8571,127,1.2700,.1814,0,0,4.41712,9,23,2.5555
sim188,0.3173305 0.0009823 0.00000008 0.00000162 0.00000335 0.18609872 0.00000254 0 0 0,100,data/true_migration_prob_matrix.csv,25,3.5714,147,1.4700,.2100,0,0,4.23635,5,2,.4000
sim189,0.3173305 0.0009823 0.00000008 0.00000162 0.00000335 0.18609872 0.00000254 0 0 0,100,data/true_migration_prob_matrix.csv,34,4.8571,121,1.2100,.1728,0,0,4.17747,5,11,2.2000
sim190,0.3173305 0.0009823 0.00000008 0.00000162 0.00000335 0.18609872 0.00000254 0 0 0,100,data/true_migration_prob_matrix.csv,29,4.1428,156,1.5600,.2228,0,0,4.50675,7,2,.2857
sim191,0.3173305 0.0009823 0.00000008 0.00000162 0.00000335 0.18609872 0.00000254 0 0 0,100,data/true_migration_prob_matrix.csv,20,2.8571,150,1.5000,.2142,0,0,3.92188,6,2,.3333
sim192,0.3173305 0.0009823 0.00000008 0.00000162 0.00000335 0.18609872 0.00000254 0 0 0,100,data/true_migration_prob_matrix.csv,48,6.8571,121,1.2100,.1728,0,0,4.39074,4,19,4.7500
sim193,0.3173305 0.0009823 0.00000008 0.00000162 0.00000335 0.18609872 0.00000254 0 0 0,100,data/true_migration_prob_matrix.csv,30,4.2857,147,1.4700,.2100,0,0,3.31127,3,6,2.0000
sim194,0.3173305 0.0009823 0.00000008 0.00000162 0.00000335 0.18609872 0.00000254 0 0 0,100,data/true_migration_prob_matrix.csv,30,4.2857,127,1.2700,.1814,0,0,4.39615,5,13,2.6000
sim195,0.3173305 0.0009823 0.00000008 0.00000162 0.00000335 0.18609872 0.00000254 0 0 0,100,data/true_migration_prob_matrix.csv,30,4.2857,165,1.6500,.2357,0,0,4.63451,17,2,.1176
sim196,0.3173305 0.0009823 0.00000008 0.00000162 0.00000335 0.18609872 0.00000254 0 0 0,100,data/true_migration_prob_matrix.csv,40,5.7142,118,1.1800,.1685,0,0,3.67903,6,14,2.3333
sim197,0.3173305 0.0009823 0.00000008 0.00000162 0.00000335 0.18609872 0.00000254 0 0 0,100,data/true_migration_prob_matrix.csv,37,5.2857,168,1.6800,.2400,0,0,3.61841,4,12,3.0000
sim198,0.3173305 0.0009823 0.00000008 0.00000162 0.00000335 0.18609872 0.00000254 0 0 0,100,data/true_migration_prob_matrix.csv,34,4.8571,132,1.3200,.1885,0,0,4.17806,4,13,3.2500
sim199,0.3173305 0.0009823 0.00000008 0.00000162 0.00000335 0.18609872 0.00000254 0 0 0,100,data/true_migration_prob_matrix.csv,36,5.1428,139,1.3900,.1985,0,0,4.89506,4,11,2.7500
