output_name,mut_rate,num_mut_leaves,sample_size,freq_mut_outcome
run1000,0.25,80,100,0.8
run1001,0.25,83,100,0.83
run1002,0.25,84,100,0.84
run1003,0.25,100,100,1.0
run1004,0.25,62,100,0.62
run1005,0.25,83,100,0.83
run1006,0.25,93,100,0.93
run1007,0.25,97,100,0.97
run1008,0.25,78,100,0.78
run1009,0.25,81,100,0.81
run100,0.025,45,100,0.45
run1010,0.25,80,100,0.8
run1011,0.25,100,100,1.0
run1012,0.25,92,100,0.92
run1013,0.25,98,100,0.98
run1014,0.25,76,100,0.76
run1015,0.25,75,100,0.75
run1016,0.25,98,100,0.98
run1017,0.25,63,100,0.63
run1018,0.25,81,100,0.81
run1019,0.25,100,100,1.0
run101,0.025,9,100,0.09
run1020,0.25,100,100,1.0
run1021,0.25,78,100,0.78
run1022,0.25,74,100,0.74
run1023,0.25,100,100,1.0
run1024,0.25,82,100,0.82
run1025,0.25,89,100,0.89
run1026,0.25,96,100,0.96
run1027,0.25,87,100,0.87
run1028,0.25,96,100,0.96
run1029,0.25,72,100,0.72
run102,0.025,39,100,0.39
run1030,0.25,74,100,0.74
run1031,0.25,97,100,0.97
run1032,0.25,100,100,1.0
run1033,0.25,84,100,0.84
run1034,0.25,100,100,1.0
run1035,0.25,100,100,1.0
run1036,0.25,83,100,0.83
run1037,0.25,88,100,0.88
run1038,0.25,91,100,0.91
run1039,0.25,98,100,0.98
run103,0.025,76,100,0.76
run1040,0.25,88,100,0.88
run1041,0.25,61,100,0.61
run1042,0.25,79,100,0.79
run1043,0.25,100,100,1.0
run1044,0.25,97,100,0.97
run1045,0.25,87,100,0.87
run1046,0.25,100,100,1.0
run1047,0.25,53,100,0.53
run1048,0.25,85,100,0.85
run1049,0.25,100,100,1.0
run104,0.025,15,100,0.15
run1050,0.25,85,100,0.85
run1051,0.25,100,100,1.0
run1052,0.25,84,100,0.84
run1053,0.25,76,100,0.76
run1054,0.25,92,100,0.92
run1055,0.25,100,100,1.0
run1056,0.25,69,100,0.69
run1057,0.25,73,100,0.73
run1058,0.25,98,100,0.98
run1059,0.25,74,100,0.74
run105,0.025,37,100,0.37
run1060,0.25,80,100,0.8
run1061,0.25,94,100,0.94
run1062,0.25,100,100,1.0
run1063,0.25,100,100,1.0
run1064,0.25,76,100,0.76
run1065,0.25,100,100,1.0
run1066,0.25,91,100,0.91
run1067,0.25,90,100,0.9
run1068,0.25,89,100,0.89
run1069,0.25,59,100,0.59
run106,0.025,7,100,0.07
run1070,0.25,56,100,0.56
run1071,0.25,100,100,1.0
run1072,0.25,88,100,0.88
run1073,0.25,75,100,0.75
run1074,0.25,76,100,0.76
run1075,0.25,82,100,0.82
run1076,0.25,100,100,1.0
run1077,0.25,95,100,0.95
run1078,0.25,94,100,0.94
run1079,0.25,100,100,1.0
run107,0.025,2,100,0.02
run1080,0.25,100,100,1.0
run1081,0.25,98,100,0.98
run1082,0.25,100,100,1.0
run1083,0.25,100,100,1.0
run1084,0.25,74,100,0.74
run1085,0.25,94,100,0.94
run1086,0.25,98,100,0.98
run1087,0.25,91,100,0.91
run1088,0.25,89,100,0.89
run1089,0.25,96,100,0.96
run108,0.025,60,100,0.6
run1090,0.25,100,100,1.0
run1091,0.25,77,100,0.77
run1092,0.25,100,100,1.0
run1093,0.25,93,100,0.93
run1094,0.25,79,100,0.79
run1095,0.25,93,100,0.93
run1096,0.25,76,100,0.76
run1097,0.25,86,100,0.86
run1098,0.25,100,100,1.0
run1099,0.25,100,100,1.0
run109,0.025,6,100,0.06
run10,0.01,2,100,0.02
run1100,0.275,94,100,0.94
run1101,0.275,94,100,0.94
run1102,0.275,99,100,0.99
run1103,0.275,100,100,1.0
run1104,0.275,85,100,0.85
run1105,0.275,74,100,0.74
run1106,0.275,100,100,1.0
run1107,0.275,100,100,1.0
run1108,0.275,100,100,1.0
run1109,0.275,74,100,0.74
run110,0.025,24,100,0.24
run1110,0.275,82,100,0.82
run1111,0.275,100,100,1.0
run1112,0.275,90,100,0.9
run1113,0.275,97,100,0.97
run1114,0.275,99,100,0.99
run1115,0.275,97,100,0.97
run1116,0.275,98,100,0.98
run1117,0.275,99,100,0.99
run1118,0.275,83,100,0.83
run1119,0.275,92,100,0.92
run111,0.025,0,100,0.0
run1120,0.275,100,100,1.0
run1121,0.275,85,100,0.85
run1122,0.275,89,100,0.89
run1123,0.275,77,100,0.77
run1124,0.275,92,100,0.92
run1125,0.275,85,100,0.85
run1126,0.275,100,100,1.0
run1127,0.275,90,100,0.9
run1128,0.275,93,100,0.93
run1129,0.275,90,100,0.9
run112,0.025,0,100,0.0
run1130,0.275,82,100,0.82
run1131,0.275,86,100,0.86
run1132,0.275,100,100,1.0
run1133,0.275,72,100,0.72
run1134,0.275,100,100,1.0
run1135,0.275,87,100,0.87
run1136,0.275,84,100,0.84
run1137,0.275,98,100,0.98
run1138,0.275,95,100,0.95
run1139,0.275,86,100,0.86
run113,0.025,24,100,0.24
run1140,0.275,33,100,0.33
run1141,0.275,100,100,1.0
run1142,0.275,100,100,1.0
run1143,0.275,94,100,0.94
run1144,0.275,100,100,1.0
run1145,0.275,100,100,1.0
run1146,0.275,94,100,0.94
run1147,0.275,100,100,1.0
run1148,0.275,100,100,1.0
run1149,0.275,81,100,0.81
run114,0.025,31,100,0.31
run1150,0.275,100,100,1.0
run1151,0.275,100,100,1.0
run1152,0.275,74,100,0.74
run1153,0.275,95,100,0.95
run1154,0.275,100,100,1.0
run1155,0.275,67,100,0.67
run1156,0.275,95,100,0.95
run1157,0.275,93,100,0.93
run1158,0.275,86,100,0.86
run1159,0.275,80,100,0.8
run115,0.025,3,100,0.03
run1160,0.275,72,100,0.72
run1161,0.275,100,100,1.0
run1162,0.275,79,100,0.79
run1163,0.275,92,100,0.92
run1164,0.275,87,100,0.87
run1165,0.275,69,100,0.69
run1166,0.275,100,100,1.0
run1167,0.275,100,100,1.0
run1168,0.275,53,100,0.53
run1169,0.275,100,100,1.0
run116,0.025,19,100,0.19
run1170,0.275,91,100,0.91
run1171,0.275,86,100,0.86
run1172,0.275,96,100,0.96
run1173,0.275,100,100,1.0
run1174,0.275,80,100,0.8
run1175,0.275,100,100,1.0
run1176,0.275,100,100,1.0
run1177,0.275,100,100,1.0
run1178,0.275,83,100,0.83
run1179,0.275,97,100,0.97
run117,0.025,8,100,0.08
run1180,0.275,99,100,0.99
run1181,0.275,87,100,0.87
run1182,0.275,80,100,0.8
run1183,0.275,68,100,0.68
run1184,0.275,74,100,0.74
run1185,0.275,100,100,1.0
run1186,0.275,75,100,0.75
run1187,0.275,88,100,0.88
run1188,0.275,100,100,1.0
run1189,0.275,100,100,1.0
run118,0.025,47,100,0.47
run1190,0.275,94,100,0.94
run1191,0.275,77,100,0.77
run1192,0.275,98,100,0.98
run1193,0.275,95,100,0.95
run1194,0.275,100,100,1.0
run1195,0.275,95,100,0.95
run1196,0.275,92,100,0.92
run1197,0.275,74,100,0.74
run1198,0.275,95,100,0.95
run1199,0.275,78,100,0.78
run119,0.025,98,100,0.98
run11,0.01,0,100,0.0
run1200,0.3,100,100,1.0
run1201,0.3,100,100,1.0
run1202,0.3,94,100,0.94
run1203,0.3,97,100,0.97
run1204,0.3,100,100,1.0
run1205,0.3,100,100,1.0
run1206,0.3,100,100,1.0
run1207,0.3,80,100,0.8
run1208,0.3,100,100,1.0
run1209,0.3,69,100,0.69
run120,0.025,9,100,0.09
run1210,0.3,100,100,1.0
run1211,0.3,97,100,0.97
run1212,0.3,100,100,1.0
run1213,0.3,100,100,1.0
run1214,0.3,100,100,1.0
run1215,0.3,100,100,1.0
run1216,0.3,79,100,0.79
run1217,0.3,92,100,0.92
run1218,0.3,98,100,0.98
run1219,0.3,70,100,0.7
run121,0.025,7,100,0.07
run1220,0.3,91,100,0.91
run1221,0.3,86,100,0.86
run1222,0.3,100,100,1.0
run1223,0.3,100,100,1.0
run1224,0.3,100,100,1.0
run1225,0.3,94,100,0.94
run1226,0.3,89,100,0.89
run1227,0.3,87,100,0.87
run1228,0.3,100,100,1.0
run1229,0.3,100,100,1.0
run122,0.025,15,100,0.15
run1230,0.3,99,100,0.99
run1231,0.3,80,100,0.8
run1232,0.3,93,100,0.93
run1233,0.3,87,100,0.87
run1234,0.3,87,100,0.87
run1235,0.3,100,100,1.0
run1236,0.3,93,100,0.93
run1237,0.3,96,100,0.96
run1238,0.3,97,100,0.97
run1239,0.3,62,100,0.62
run123,0.025,11,100,0.11
run1240,0.3,83,100,0.83
run1241,0.3,100,100,1.0
run1242,0.3,72,100,0.72
run1243,0.3,87,100,0.87
run1244,0.3,99,100,0.99
run1245,0.3,94,100,0.94
run1246,0.3,85,100,0.85
run1247,0.3,100,100,1.0
run1248,0.3,100,100,1.0
run1249,0.3,100,100,1.0
run124,0.025,2,100,0.02
run1250,0.3,100,100,1.0
run1251,0.3,80,100,0.8
run1252,0.3,100,100,1.0
run1253,0.3,98,100,0.98
run1254,0.3,80,100,0.8
run1255,0.3,90,100,0.9
run1256,0.3,93,100,0.93
run1257,0.3,85,100,0.85
run1258,0.3,90,100,0.9
run1259,0.3,71,100,0.71
run125,0.025,47,100,0.47
run1260,0.3,100,100,1.0
run1261,0.3,100,100,1.0
run1262,0.3,89,100,0.89
run1263,0.3,94,100,0.94
run1264,0.3,87,100,0.87
run1265,0.3,100,100,1.0
run1266,0.3,100,100,1.0
run1267,0.3,94,100,0.94
run1268,0.3,87,100,0.87
run1269,0.3,89,100,0.89
run126,0.025,100,100,1.0
run1270,0.3,70,100,0.7
run1271,0.3,60,100,0.6
run1272,0.3,100,100,1.0
run1273,0.3,90,100,0.9
run1274,0.3,100,100,1.0
run1275,0.3,100,100,1.0
run1276,0.3,96,100,0.96
run1277,0.3,100,100,1.0
run1278,0.3,99,100,0.99
run1279,0.3,92,100,0.92
run127,0.025,26,100,0.26
run1280,0.3,90,100,0.9
run1281,0.3,100,100,1.0
run1282,0.3,93,100,0.93
run1283,0.3,100,100,1.0
run1284,0.3,86,100,0.86
run1285,0.3,85,100,0.85
run1286,0.3,92,100,0.92
run1287,0.3,95,100,0.95
run1288,0.3,100,100,1.0
run1289,0.3,99,100,0.99
run128,0.025,34,100,0.34
run1290,0.3,98,100,0.98
run1291,0.3,66,100,0.66
run1292,0.3,90,100,0.9
run1293,0.3,84,100,0.84
run1294,0.3,86,100,0.86
run1295,0.3,100,100,1.0
run1296,0.3,100,100,1.0
run1297,0.3,92,100,0.92
run1298,0.3,100,100,1.0
run1299,0.3,100,100,1.0
run129,0.025,11,100,0.11
run12,0.01,6,100,0.06
run1300,0.325,100,100,1.0
run1301,0.325,86,100,0.86
run1302,0.325,83,100,0.83
run1303,0.325,95,100,0.95
run1304,0.325,72,100,0.72
run1305,0.325,100,100,1.0
run1306,0.325,66,100,0.66
run1307,0.325,86,100,0.86
run1308,0.325,87,100,0.87
run1309,0.325,88,100,0.88
run130,0.025,16,100,0.16
run1310,0.325,100,100,1.0
run1311,0.325,72,100,0.72
run1312,0.325,100,100,1.0
run1313,0.325,97,100,0.97
run1314,0.325,87,100,0.87
run1315,0.325,100,100,1.0
run1316,0.325,77,100,0.77
run1317,0.325,96,100,0.96
run1318,0.325,60,100,0.6
run1319,0.325,98,100,0.98
run131,0.025,6,100,0.06
run1320,0.325,87,100,0.87
run1321,0.325,100,100,1.0
run1322,0.325,96,100,0.96
run1323,0.325,100,100,1.0
run1324,0.325,100,100,1.0
run1325,0.325,96,100,0.96
run1326,0.325,100,100,1.0
run1327,0.325,100,100,1.0
run1328,0.325,100,100,1.0
run1329,0.325,100,100,1.0
run132,0.025,64,100,0.64
run1330,0.325,100,100,1.0
run1331,0.325,100,100,1.0
run1332,0.325,98,100,0.98
run1333,0.325,100,100,1.0
run1334,0.325,88,100,0.88
run1335,0.325,100,100,1.0
run1336,0.325,84,100,0.84
run1337,0.325,100,100,1.0
run1338,0.325,100,100,1.0
run1339,0.325,80,100,0.8
run133,0.025,8,100,0.08
run1340,0.325,98,100,0.98
run1341,0.325,76,100,0.76
run1342,0.325,96,100,0.96
run1343,0.325,100,100,1.0
run1344,0.325,100,100,1.0
run1345,0.325,79,100,0.79
run1346,0.325,98,100,0.98
run1347,0.325,94,100,0.94
run1348,0.325,90,100,0.9
run1349,0.325,94,100,0.94
run134,0.025,0,100,0.0
run1350,0.325,100,100,1.0
run1351,0.325,85,100,0.85
run1352,0.325,100,100,1.0
run1353,0.325,97,100,0.97
run1354,0.325,93,100,0.93
run1355,0.325,100,100,1.0
run1356,0.325,85,100,0.85
run1357,0.325,100,100,1.0
run1358,0.325,100,100,1.0
run1359,0.325,95,100,0.95
run135,0.025,71,100,0.71
run1360,0.325,100,100,1.0
run1361,0.325,93,100,0.93
run1362,0.325,96,100,0.96
run1363,0.325,97,100,0.97
run1364,0.325,94,100,0.94
run1365,0.325,99,100,0.99
run1366,0.325,100,100,1.0
run1367,0.325,100,100,1.0
run1368,0.325,97,100,0.97
run1369,0.325,100,100,1.0
run136,0.025,12,100,0.12
run1370,0.325,88,100,0.88
run1371,0.325,100,100,1.0
run1372,0.325,100,100,1.0
run1373,0.325,83,100,0.83
run1374,0.325,100,100,1.0
run1375,0.325,100,100,1.0
run1376,0.325,83,100,0.83
run1377,0.325,89,100,0.89
run1378,0.325,100,100,1.0
run1379,0.325,93,100,0.93
run137,0.025,0,100,0.0
run1380,0.325,100,100,1.0
run1381,0.325,92,100,0.92
run1382,0.325,100,100,1.0
run1383,0.325,100,100,1.0
run1384,0.325,100,100,1.0
run1385,0.325,99,100,0.99
run1386,0.325,95,100,0.95
run1387,0.325,95,100,0.95
run1388,0.325,96,100,0.96
run1389,0.325,100,100,1.0
run138,0.025,4,100,0.04
run1390,0.325,100,100,1.0
run1391,0.325,100,100,1.0
run1392,0.325,100,100,1.0
run1393,0.325,87,100,0.87
run1394,0.325,96,100,0.96
run1395,0.325,100,100,1.0
run1396,0.325,79,100,0.79
run1397,0.325,100,100,1.0
run1398,0.325,87,100,0.87
run1399,0.325,87,100,0.87
run139,0.025,38,100,0.38
run13,0.01,28,100,0.28
run1400,0.35,94,100,0.94
run1401,0.35,100,100,1.0
run1402,0.35,100,100,1.0
run1403,0.35,100,100,1.0
run1404,0.35,98,100,0.98
run1405,0.35,91,100,0.91
run1406,0.35,100,100,1.0
run1407,0.35,100,100,1.0
run1408,0.35,100,100,1.0
run1409,0.35,100,100,1.0
run140,0.025,25,100,0.25
run1410,0.35,100,100,1.0
run1411,0.35,96,100,0.96
run1412,0.35,100,100,1.0
run1413,0.35,100,100,1.0
run1414,0.35,94,100,0.94
run1415,0.35,100,100,1.0
run1416,0.35,77,100,0.77
run1417,0.35,95,100,0.95
run1418,0.35,98,100,0.98
run1419,0.35,97,100,0.97
run141,0.025,52,100,0.52
run1420,0.35,100,100,1.0
run1421,0.35,82,100,0.82
run1422,0.35,100,100,1.0
run1423,0.35,83,100,0.83
run1424,0.35,97,100,0.97
run1425,0.35,99,100,0.99
run1426,0.35,77,100,0.77
run1427,0.35,100,100,1.0
run1428,0.35,97,100,0.97
run1429,0.35,100,100,1.0
run142,0.025,3,100,0.03
run1430,0.35,89,100,0.89
run1431,0.35,95,100,0.95
run1432,0.35,99,100,0.99
run1433,0.35,85,100,0.85
run1434,0.35,100,100,1.0
run1435,0.35,94,100,0.94
run1436,0.35,99,100,0.99
run1437,0.35,100,100,1.0
run1438,0.35,100,100,1.0
run1439,0.35,96,100,0.96
run143,0.025,27,100,0.27
run1440,0.35,100,100,1.0
run1441,0.35,100,100,1.0
run1442,0.35,100,100,1.0
run1443,0.35,89,100,0.89
run1444,0.35,90,100,0.9
run1445,0.35,100,100,1.0
run1446,0.35,93,100,0.93
run1447,0.35,83,100,0.83
run1448,0.35,96,100,0.96
run1449,0.35,82,100,0.82
run144,0.025,20,100,0.2
run1450,0.35,91,100,0.91
run1451,0.35,100,100,1.0
run1452,0.35,92,100,0.92
run1453,0.35,96,100,0.96
run1454,0.35,100,100,1.0
run1455,0.35,87,100,0.87
run1456,0.35,100,100,1.0
run1457,0.35,100,100,1.0
run1458,0.35,97,100,0.97
run1459,0.35,100,100,1.0
run145,0.025,24,100,0.24
run1460,0.35,100,100,1.0
run1461,0.35,100,100,1.0
run1462,0.35,91,100,0.91
run1463,0.35,93,100,0.93
run1464,0.35,100,100,1.0
run1465,0.35,88,100,0.88
run1466,0.35,100,100,1.0
run1467,0.35,99,100,0.99
run1468,0.35,100,100,1.0
run1469,0.35,83,100,0.83
run146,0.025,0,100,0.0
run1470,0.35,100,100,1.0
run1471,0.35,98,100,0.98
run1472,0.35,100,100,1.0
run1473,0.35,99,100,0.99
run1474,0.35,100,100,1.0
run1475,0.35,100,100,1.0
run1476,0.35,100,100,1.0
run1477,0.35,81,100,0.81
run1478,0.35,93,100,0.93
run1479,0.35,89,100,0.89
run147,0.025,16,100,0.16
run1480,0.35,100,100,1.0
run1481,0.35,100,100,1.0
run1482,0.35,86,100,0.86
run1483,0.35,100,100,1.0
run1484,0.35,94,100,0.94
run1485,0.35,98,100,0.98
run1486,0.35,100,100,1.0
run1487,0.35,65,100,0.65
run1488,0.35,81,100,0.81
run1489,0.35,100,100,1.0
run148,0.025,0,100,0.0
run1490,0.35,97,100,0.97
run1491,0.35,83,100,0.83
run1492,0.35,96,100,0.96
run1493,0.35,100,100,1.0
run1494,0.35,100,100,1.0
run1495,0.35,100,100,1.0
run1496,0.35,98,100,0.98
run1497,0.35,100,100,1.0
run1498,0.35,98,100,0.98
run1499,0.35,94,100,0.94
run149,0.025,16,100,0.16
run14,0.01,19,100,0.19
run1500,0.375,100,100,1.0
run1501,0.375,97,100,0.97
run1502,0.375,91,100,0.91
run1503,0.375,100,100,1.0
run1504,0.375,94,100,0.94
run1505,0.375,99,100,0.99
run1506,0.375,90,100,0.9
run1507,0.375,96,100,0.96
run1508,0.375,94,100,0.94
run1509,0.375,87,100,0.87
run150,0.025,0,100,0.0
run1510,0.375,88,100,0.88
run1511,0.375,92,100,0.92
run1512,0.375,100,100,1.0
run1513,0.375,87,100,0.87
run1514,0.375,98,100,0.98
run1515,0.375,81,100,0.81
run1516,0.375,80,100,0.8
run1517,0.375,99,100,0.99
run1518,0.375,100,100,1.0
run1519,0.375,100,100,1.0
run151,0.025,11,100,0.11
run1520,0.375,100,100,1.0
run1521,0.375,87,100,0.87
run1522,0.375,92,100,0.92
run1523,0.375,100,100,1.0
run1524,0.375,76,100,0.76
run1525,0.375,100,100,1.0
run1526,0.375,86,100,0.86
run1527,0.375,100,100,1.0
run1528,0.375,100,100,1.0
run1529,0.375,100,100,1.0
run152,0.025,5,100,0.05
run1530,0.375,100,100,1.0
run1531,0.375,100,100,1.0
run1532,0.375,95,100,0.95
run1533,0.375,100,100,1.0
run1534,0.375,100,100,1.0
run1535,0.375,92,100,0.92
run1536,0.375,89,100,0.89
run1537,0.375,100,100,1.0
run1538,0.375,100,100,1.0
run1539,0.375,100,100,1.0
run153,0.025,3,100,0.03
run1540,0.375,100,100,1.0
run1541,0.375,100,100,1.0
run1542,0.375,98,100,0.98
run1543,0.375,75,100,0.75
run1544,0.375,100,100,1.0
run1545,0.375,100,100,1.0
run1546,0.375,100,100,1.0
run1547,0.375,100,100,1.0
run1548,0.375,100,100,1.0
run1549,0.375,96,100,0.96
run154,0.025,41,100,0.41
run1550,0.375,99,100,0.99
run1551,0.375,100,100,1.0
run1552,0.375,93,100,0.93
run1553,0.375,100,100,1.0
run1554,0.375,97,100,0.97
run1555,0.375,99,100,0.99
run1556,0.375,93,100,0.93
run1557,0.375,100,100,1.0
run1558,0.375,99,100,0.99
run1559,0.375,100,100,1.0
run155,0.025,33,100,0.33
run1560,0.375,98,100,0.98
run1561,0.375,100,100,1.0
run1562,0.375,100,100,1.0
run1563,0.375,96,100,0.96
run1564,0.375,99,100,0.99
run1565,0.375,100,100,1.0
run1566,0.375,95,100,0.95
run1567,0.375,91,100,0.91
run1568,0.375,99,100,0.99
run1569,0.375,92,100,0.92
run156,0.025,6,100,0.06
run1570,0.375,91,100,0.91
run1571,0.375,100,100,1.0
run1572,0.375,89,100,0.89
run1573,0.375,100,100,1.0
run1574,0.375,100,100,1.0
run1575,0.375,100,100,1.0
run1576,0.375,99,100,0.99
run1577,0.375,100,100,1.0
run1578,0.375,100,100,1.0
run1579,0.375,100,100,1.0
run157,0.025,16,100,0.16
run1580,0.375,95,100,0.95
run1581,0.375,92,100,0.92
run1582,0.375,100,100,1.0
run1583,0.375,100,100,1.0
run1584,0.375,100,100,1.0
run1585,0.375,95,100,0.95
run1586,0.375,100,100,1.0
run1587,0.375,96,100,0.96
run1588,0.375,100,100,1.0
run1589,0.375,81,100,0.81
run158,0.025,58,100,0.58
run1590,0.375,100,100,1.0
run1591,0.375,100,100,1.0
run1592,0.375,100,100,1.0
run1593,0.375,94,100,0.94
run1594,0.375,98,100,0.98
run1595,0.375,92,100,0.92
run1596,0.375,100,100,1.0
run1597,0.375,86,100,0.86
run1598,0.375,85,100,0.85
run1599,0.375,97,100,0.97
run159,0.025,6,100,0.06
run15,0.01,3,100,0.03
run1600,0.4,100,100,1.0
run1601,0.4,99,100,0.99
run1602,0.4,93,100,0.93
run1603,0.4,100,100,1.0
run1604,0.4,99,100,0.99
run1605,0.4,100,100,1.0
run1606,0.4,100,100,1.0
run1607,0.4,100,100,1.0
run1608,0.4,86,100,0.86
run1609,0.4,89,100,0.89
run160,0.025,26,100,0.26
run1610,0.4,100,100,1.0
run1611,0.4,89,100,0.89
run1612,0.4,100,100,1.0
run1613,0.4,100,100,1.0
run1614,0.4,100,100,1.0
run1615,0.4,100,100,1.0
run1616,0.4,100,100,1.0
run1617,0.4,100,100,1.0
run1618,0.4,100,100,1.0
run1619,0.4,100,100,1.0
run161,0.025,14,100,0.14
run1620,0.4,82,100,0.82
run1621,0.4,82,100,0.82
run1622,0.4,100,100,1.0
run1623,0.4,100,100,1.0
run1624,0.4,100,100,1.0
run1625,0.4,100,100,1.0
run1626,0.4,89,100,0.89
run1627,0.4,97,100,0.97
run1628,0.4,100,100,1.0
run1629,0.4,100,100,1.0
run162,0.025,29,100,0.29
run1630,0.4,100,100,1.0
run1631,0.4,100,100,1.0
run1632,0.4,100,100,1.0
run1633,0.4,97,100,0.97
run1634,0.4,98,100,0.98
run1635,0.4,100,100,1.0
run1636,0.4,97,100,0.97
run1637,0.4,97,100,0.97
run1638,0.4,100,100,1.0
run1639,0.4,100,100,1.0
run163,0.025,0,100,0.0
run1640,0.4,100,100,1.0
run1641,0.4,100,100,1.0
run1642,0.4,91,100,0.91
run1643,0.4,100,100,1.0
run1644,0.4,100,100,1.0
run1645,0.4,94,100,0.94
run1646,0.4,98,100,0.98
run1647,0.4,100,100,1.0
run1648,0.4,100,100,1.0
run1649,0.4,100,100,1.0
run164,0.025,26,100,0.26
run1650,0.4,96,100,0.96
run1651,0.4,94,100,0.94
run1652,0.4,97,100,0.97
run1653,0.4,88,100,0.88
run1654,0.4,100,100,1.0
run1655,0.4,100,100,1.0
run1656,0.4,100,100,1.0
run1657,0.4,87,100,0.87
run1658,0.4,86,100,0.86
run1659,0.4,89,100,0.89
run165,0.025,18,100,0.18
run1660,0.4,100,100,1.0
run1661,0.4,100,100,1.0
run1662,0.4,99,100,0.99
run1663,0.4,100,100,1.0
run1664,0.4,100,100,1.0
run1665,0.4,100,100,1.0
run1666,0.4,99,100,0.99
run1667,0.4,100,100,1.0
run1668,0.4,100,100,1.0
run1669,0.4,100,100,1.0
run166,0.025,17,100,0.17
run1670,0.4,100,100,1.0
run1671,0.4,100,100,1.0
run1672,0.4,91,100,0.91
run1673,0.4,100,100,1.0
run1674,0.4,100,100,1.0
run1675,0.4,100,100,1.0
run1676,0.4,97,100,0.97
run1677,0.4,100,100,1.0
run1678,0.4,100,100,1.0
run1679,0.4,98,100,0.98
run167,0.025,100,100,1.0
run1680,0.4,100,100,1.0
run1681,0.4,92,100,0.92
run1682,0.4,100,100,1.0
run1683,0.4,100,100,1.0
run1684,0.4,100,100,1.0
run1685,0.4,100,100,1.0
run1686,0.4,100,100,1.0
run1687,0.4,100,100,1.0
run1688,0.4,100,100,1.0
run1689,0.4,100,100,1.0
run168,0.025,2,100,0.02
run1690,0.4,100,100,1.0
run1691,0.4,100,100,1.0
run1692,0.4,97,100,0.97
run1693,0.4,100,100,1.0
run1694,0.4,94,100,0.94
run1695,0.4,100,100,1.0
run1696,0.4,99,100,0.99
run1697,0.4,100,100,1.0
run1698,0.4,100,100,1.0
run1699,0.4,100,100,1.0
run169,0.025,2,100,0.02
run16,0.01,0,100,0.0
run1700,0.425,99,100,0.99
run1701,0.425,100,100,1.0
run1702,0.425,100,100,1.0
run1703,0.425,84,100,0.84
run1704,0.425,93,100,0.93
run1705,0.425,100,100,1.0
run1706,0.425,98,100,0.98
run1707,0.425,95,100,0.95
run1708,0.425,98,100,0.98
run1709,0.425,100,100,1.0
run170,0.025,6,100,0.06
run1710,0.425,100,100,1.0
run1711,0.425,99,100,0.99
run1712,0.425,89,100,0.89
run1713,0.425,100,100,1.0
run1714,0.425,95,100,0.95
run1715,0.425,97,100,0.97
run1716,0.425,100,100,1.0
run1717,0.425,100,100,1.0
run1718,0.425,100,100,1.0
run1719,0.425,100,100,1.0
run171,0.025,4,100,0.04
run1720,0.425,100,100,1.0
run1721,0.425,100,100,1.0
run1722,0.425,99,100,0.99
run1723,0.425,100,100,1.0
run1724,0.425,96,100,0.96
run1725,0.425,100,100,1.0
run1726,0.425,96,100,0.96
run1727,0.425,100,100,1.0
run1728,0.425,100,100,1.0
run1729,0.425,98,100,0.98
run172,0.025,7,100,0.07
run1730,0.425,100,100,1.0
run1731,0.425,87,100,0.87
run1732,0.425,100,100,1.0
run1733,0.425,100,100,1.0
run1734,0.425,100,100,1.0
run1735,0.425,99,100,0.99
run1736,0.425,100,100,1.0
run1737,0.425,100,100,1.0
run1738,0.425,100,100,1.0
run1739,0.425,100,100,1.0
run173,0.025,20,100,0.2
run1740,0.425,96,100,0.96
run1741,0.425,100,100,1.0
run1742,0.425,100,100,1.0
run1743,0.425,91,100,0.91
run1744,0.425,94,100,0.94
run1745,0.425,88,100,0.88
run1746,0.425,100,100,1.0
run1747,0.425,100,100,1.0
run1748,0.425,100,100,1.0
run1749,0.425,100,100,1.0
run174,0.025,12,100,0.12
run1750,0.425,98,100,0.98
run1751,0.425,97,100,0.97
run1752,0.425,100,100,1.0
run1753,0.425,95,100,0.95
run1754,0.425,98,100,0.98
run1755,0.425,96,100,0.96
run1756,0.425,100,100,1.0
run1757,0.425,97,100,0.97
run1758,0.425,99,100,0.99
run1759,0.425,100,100,1.0
run175,0.025,9,100,0.09
run1760,0.425,96,100,0.96
run1761,0.425,98,100,0.98
run1762,0.425,100,100,1.0
run1763,0.425,88,100,0.88
run1764,0.425,100,100,1.0
run1765,0.425,90,100,0.9
run1766,0.425,100,100,1.0
run1767,0.425,95,100,0.95
run1768,0.425,100,100,1.0
run1769,0.425,80,100,0.8
run176,0.025,61,100,0.61
run1770,0.425,100,100,1.0
run1771,0.425,100,100,1.0
run1772,0.425,100,100,1.0
run1773,0.425,100,100,1.0
run1774,0.425,100,100,1.0
run1775,0.425,100,100,1.0
run1776,0.425,100,100,1.0
run1777,0.425,100,100,1.0
run1778,0.425,100,100,1.0
run1779,0.425,100,100,1.0
run177,0.025,2,100,0.02
run1780,0.425,100,100,1.0
run1781,0.425,87,100,0.87
run1782,0.425,100,100,1.0
run1783,0.425,100,100,1.0
run1784,0.425,87,100,0.87
run1785,0.425,95,100,0.95
run1786,0.425,100,100,1.0
run1787,0.425,98,100,0.98
run1788,0.425,100,100,1.0
run1789,0.425,100,100,1.0
run178,0.025,15,100,0.15
run1790,0.425,100,100,1.0
run1791,0.425,100,100,1.0
run1792,0.425,91,100,0.91
run1793,0.425,100,100,1.0
run1794,0.425,91,100,0.91
run1795,0.425,100,100,1.0
run1796,0.425,100,100,1.0
run1797,0.425,100,100,1.0
run1798,0.425,100,100,1.0
run1799,0.425,100,100,1.0
run179,0.025,5,100,0.05
run17,0.01,2,100,0.02
run1800,0.45,100,100,1.0
run1801,0.45,100,100,1.0
run1802,0.45,100,100,1.0
run1803,0.45,100,100,1.0
run1804,0.45,96,100,0.96
run1805,0.45,96,100,0.96
run1806,0.45,100,100,1.0
run1807,0.45,89,100,0.89
run1808,0.45,100,100,1.0
run1809,0.45,100,100,1.0
run180,0.025,100,100,1.0
run1810,0.45,99,100,0.99
run1811,0.45,95,100,0.95
run1812,0.45,100,100,1.0
run1813,0.45,100,100,1.0
run1814,0.45,96,100,0.96
run1815,0.45,94,100,0.94
run1816,0.45,96,100,0.96
run1817,0.45,100,100,1.0
run1818,0.45,98,100,0.98
run1819,0.45,99,100,0.99
run181,0.025,36,100,0.36
run1820,0.45,100,100,1.0
run1821,0.45,98,100,0.98
run1822,0.45,94,100,0.94
run1823,0.45,99,100,0.99
run1824,0.45,100,100,1.0
run1825,0.45,99,100,0.99
run1826,0.45,100,100,1.0
run1827,0.45,100,100,1.0
run1828,0.45,100,100,1.0
run1829,0.45,100,100,1.0
run182,0.025,0,100,0.0
run1830,0.45,95,100,0.95
run1831,0.45,100,100,1.0
run1832,0.45,100,100,1.0
run1833,0.45,95,100,0.95
run1834,0.45,96,100,0.96
run1835,0.45,95,100,0.95
run1836,0.45,98,100,0.98
run1837,0.45,100,100,1.0
run1838,0.45,100,100,1.0
run1839,0.45,100,100,1.0
run183,0.025,22,100,0.22
run1840,0.45,100,100,1.0
run1841,0.45,98,100,0.98
run1842,0.45,100,100,1.0
run1843,0.45,100,100,1.0
run1844,0.45,99,100,0.99
run1845,0.45,99,100,0.99
run1846,0.45,96,100,0.96
run1847,0.45,97,100,0.97
run1848,0.45,100,100,1.0
run1849,0.45,99,100,0.99
run184,0.025,100,100,1.0
run1850,0.45,100,100,1.0
run1851,0.45,100,100,1.0
run1852,0.45,100,100,1.0
run1853,0.45,100,100,1.0
run1854,0.45,100,100,1.0
run1855,0.45,100,100,1.0
run1856,0.45,100,100,1.0
run1857,0.45,92,100,0.92
run1858,0.45,100,100,1.0
run1859,0.45,100,100,1.0
run185,0.025,9,100,0.09
run1860,0.45,100,100,1.0
run1861,0.45,100,100,1.0
run1862,0.45,100,100,1.0
run1863,0.45,100,100,1.0
run1864,0.45,94,100,0.94
run1865,0.45,100,100,1.0
run1866,0.45,100,100,1.0
run1867,0.45,99,100,0.99
run1868,0.45,100,100,1.0
run1869,0.45,89,100,0.89
run186,0.025,17,100,0.17
run1870,0.45,100,100,1.0
run1871,0.45,100,100,1.0
run1872,0.45,94,100,0.94
run1873,0.45,89,100,0.89
run1874,0.45,97,100,0.97
run1875,0.45,100,100,1.0
run1876,0.45,98,100,0.98
run1877,0.45,93,100,0.93
run1878,0.45,100,100,1.0
run1879,0.45,100,100,1.0
run187,0.025,24,100,0.24
run1880,0.45,83,100,0.83
run1881,0.45,87,100,0.87
run1882,0.45,100,100,1.0
run1883,0.45,90,100,0.9
run1884,0.45,100,100,1.0
run1885,0.45,100,100,1.0
run1886,0.45,100,100,1.0
run1887,0.45,92,100,0.92
run1888,0.45,98,100,0.98
run1889,0.45,100,100,1.0
run188,0.025,7,100,0.07
run1890,0.45,94,100,0.94
run1891,0.45,100,100,1.0
run1892,0.45,100,100,1.0
run1893,0.45,100,100,1.0
run1894,0.45,100,100,1.0
run1895,0.45,100,100,1.0
run1896,0.45,100,100,1.0
run1897,0.45,100,100,1.0
run1898,0.45,100,100,1.0
run1899,0.45,96,100,0.96
run189,0.025,5,100,0.05
run18,0.01,3,100,0.03
run1900,0.475,100,100,1.0
run1901,0.475,96,100,0.96
run1902,0.475,100,100,1.0
run1903,0.475,97,100,0.97
run1904,0.475,99,100,0.99
run1905,0.475,100,100,1.0
run1906,0.475,90,100,0.9
run1907,0.475,100,100,1.0
run1908,0.475,100,100,1.0
run1909,0.475,98,100,0.98
run190,0.025,5,100,0.05
run1910,0.475,92,100,0.92
run1911,0.475,96,100,0.96
run1912,0.475,100,100,1.0
run1913,0.475,97,100,0.97
run1914,0.475,100,100,1.0
run1915,0.475,100,100,1.0
run1916,0.475,100,100,1.0
run1917,0.475,96,100,0.96
run1918,0.475,100,100,1.0
run1919,0.475,100,100,1.0
run191,0.025,7,100,0.07
run1920,0.475,93,100,0.93
run1921,0.475,100,100,1.0
run1922,0.475,100,100,1.0
run1923,0.475,100,100,1.0
run1924,0.475,100,100,1.0
run1925,0.475,97,100,0.97
run1926,0.475,100,100,1.0
run1927,0.475,100,100,1.0
run1928,0.475,95,100,0.95
run1929,0.475,100,100,1.0
run192,0.025,10,100,0.1
run1930,0.475,93,100,0.93
run1931,0.475,100,100,1.0
run1932,0.475,100,100,1.0
run1933,0.475,100,100,1.0
run1934,0.475,94,100,0.94
run1935,0.475,100,100,1.0
run1936,0.475,100,100,1.0
run1937,0.475,94,100,0.94
run1938,0.475,100,100,1.0
run1939,0.475,100,100,1.0
run193,0.025,17,100,0.17
run1940,0.475,100,100,1.0
run1941,0.475,100,100,1.0
run1942,0.475,100,100,1.0
run1943,0.475,96,100,0.96
run1944,0.475,100,100,1.0
run1945,0.475,100,100,1.0
run1946,0.475,97,100,0.97
run1947,0.475,97,100,0.97
run1948,0.475,100,100,1.0
run1949,0.475,99,100,0.99
run194,0.025,37,100,0.37
run1950,0.475,99,100,0.99
run1951,0.475,100,100,1.0
run1952,0.475,100,100,1.0
run1953,0.475,100,100,1.0
run1954,0.475,100,100,1.0
run1955,0.475,100,100,1.0
run1956,0.475,100,100,1.0
run1957,0.475,100,100,1.0
run1958,0.475,99,100,0.99
run1959,0.475,100,100,1.0
run195,0.025,4,100,0.04
run1960,0.475,98,100,0.98
run1961,0.475,100,100,1.0
run1962,0.475,100,100,1.0
run1963,0.475,100,100,1.0
run1964,0.475,99,100,0.99
run1965,0.475,100,100,1.0
run1966,0.475,100,100,1.0
run1967,0.475,88,100,0.88
run1968,0.475,98,100,0.98
run1969,0.475,93,100,0.93
run196,0.025,40,100,0.4
run1970,0.475,100,100,1.0
run1971,0.475,100,100,1.0
run1972,0.475,100,100,1.0
run1973,0.475,100,100,1.0
run1974,0.475,98,100,0.98
run1975,0.475,100,100,1.0
run1976,0.475,91,100,0.91
run1977,0.475,100,100,1.0
run1978,0.475,100,100,1.0
run1979,0.475,100,100,1.0
run197,0.025,27,100,0.27
run1980,0.475,95,100,0.95
run1981,0.475,98,100,0.98
run1982,0.475,100,100,1.0
run1983,0.475,98,100,0.98
run1984,0.475,100,100,1.0
run1985,0.475,100,100,1.0
run1986,0.475,100,100,1.0
run1987,0.475,100,100,1.0
run1988,0.475,100,100,1.0
run1989,0.475,100,100,1.0
run198,0.025,0,100,0.0
run1990,0.475,100,100,1.0
run1991,0.475,97,100,0.97
run1992,0.475,97,100,0.97
run1993,0.475,100,100,1.0
run1994,0.475,100,100,1.0
run1995,0.475,95,100,0.95
run1996,0.475,95,100,0.95
run1997,0.475,100,100,1.0
run1998,0.475,100,100,1.0
run1999,0.475,100,100,1.0
run199,0.025,7,100,0.07
run19,0.01,2,100,0.02
run1,0.01,2,100,0.02
run2000,0.5,100,100,1.0
run2001,0.5,100,100,1.0
run2002,0.5,97,100,0.97
run2003,0.5,95,100,0.95
run2004,0.5,100,100,1.0
run2005,0.5,100,100,1.0
run2006,0.5,95,100,0.95
run2007,0.5,100,100,1.0
run2008,0.5,100,100,1.0
run2009,0.5,100,100,1.0
run200,0.05,24,100,0.24
run2010,0.5,100,100,1.0
run2011,0.5,100,100,1.0
run2012,0.5,100,100,1.0
run2013,0.5,100,100,1.0
run2014,0.5,100,100,1.0
run2015,0.5,100,100,1.0
run2016,0.5,100,100,1.0
run2017,0.5,100,100,1.0
run2018,0.5,94,100,0.94
run2019,0.5,100,100,1.0
run201,0.05,34,100,0.34
run2020,0.5,100,100,1.0
run2021,0.5,97,100,0.97
run2022,0.5,100,100,1.0
run2023,0.5,100,100,1.0
run2024,0.5,100,100,1.0
run2025,0.5,100,100,1.0
run2026,0.5,95,100,0.95
run2027,0.5,84,100,0.84
run2028,0.5,100,100,1.0
run2029,0.5,100,100,1.0
run202,0.05,49,100,0.49
run2030,0.5,100,100,1.0
run2031,0.5,100,100,1.0
run2032,0.5,100,100,1.0
run2033,0.5,100,100,1.0
run2034,0.5,100,100,1.0
run2035,0.5,100,100,1.0
run2036,0.5,100,100,1.0
run2037,0.5,96,100,0.96
run2038,0.5,98,100,0.98
run2039,0.5,100,100,1.0
run203,0.05,22,100,0.22
run2040,0.5,100,100,1.0
run2041,0.5,100,100,1.0
run2042,0.5,100,100,1.0
run2043,0.5,93,100,0.93
run2044,0.5,100,100,1.0
run2045,0.5,94,100,0.94
run2046,0.5,100,100,1.0
run2047,0.5,100,100,1.0
run2048,0.5,94,100,0.94
run2049,0.5,95,100,0.95
run204,0.05,33,100,0.33
run2050,0.5,97,100,0.97
run2051,0.5,98,100,0.98
run2052,0.5,100,100,1.0
run2053,0.5,100,100,1.0
run2054,0.5,99,100,0.99
run2055,0.5,95,100,0.95
run2056,0.5,100,100,1.0
run2057,0.5,100,100,1.0
run2058,0.5,99,100,0.99
run2059,0.5,100,100,1.0
run205,0.05,57,100,0.57
run2060,0.5,98,100,0.98
run2061,0.5,99,100,0.99
run2062,0.5,100,100,1.0
run2063,0.5,100,100,1.0
run2064,0.5,100,100,1.0
run2065,0.5,100,100,1.0
run2066,0.5,100,100,1.0
run2067,0.5,100,100,1.0
run2068,0.5,100,100,1.0
run2069,0.5,98,100,0.98
run206,0.05,13,100,0.13
run2070,0.5,94,100,0.94
run2071,0.5,98,100,0.98
run2072,0.5,99,100,0.99
run2073,0.5,95,100,0.95
run2074,0.5,100,100,1.0
run2075,0.5,96,100,0.96
run2076,0.5,92,100,0.92
run2077,0.5,100,100,1.0
run2078,0.5,100,100,1.0
run2079,0.5,100,100,1.0
run207,0.05,32,100,0.32
run2080,0.5,100,100,1.0
run2081,0.5,98,100,0.98
run2082,0.5,100,100,1.0
run2083,0.5,98,100,0.98
run2084,0.5,100,100,1.0
run2085,0.5,100,100,1.0
run2086,0.5,92,100,0.92
run2087,0.5,100,100,1.0
run2088,0.5,100,100,1.0
run2089,0.5,100,100,1.0
run208,0.05,22,100,0.22
run2090,0.5,99,100,0.99
run2091,0.5,100,100,1.0
run2092,0.5,98,100,0.98
run2093,0.5,100,100,1.0
run2094,0.5,100,100,1.0
run2095,0.5,92,100,0.92
run2096,0.5,98,100,0.98
run2097,0.5,100,100,1.0
run2098,0.5,98,100,0.98
run2099,0.5,100,100,1.0
run209,0.05,25,100,0.25
run20,0.01,2,100,0.02
run210,0.05,12,100,0.12
run211,0.05,17,100,0.17
run212,0.05,35,100,0.35
run213,0.05,14,100,0.14
run214,0.05,14,100,0.14
run215,0.05,45,100,0.45
run216,0.05,7,100,0.07
run217,0.05,35,100,0.35
run218,0.05,84,100,0.84
run219,0.05,77,100,0.77
run21,0.01,2,100,0.02
run220,0.05,13,100,0.13
run221,0.05,15,100,0.15
run222,0.05,53,100,0.53
run223,0.05,7,100,0.07
run224,0.05,100,100,1.0
run225,0.05,100,100,1.0
run226,0.05,76,100,0.76
run227,0.05,16,100,0.16
run228,0.05,8,100,0.08
run229,0.05,48,100,0.48
run22,0.01,2,100,0.02
run230,0.05,19,100,0.19
run231,0.05,15,100,0.15
run232,0.05,14,100,0.14
run233,0.05,6,100,0.06
run234,0.05,6,100,0.06
run235,0.05,8,100,0.08
run236,0.05,23,100,0.23
run237,0.05,14,100,0.14
run238,0.05,71,100,0.71
run239,0.05,8,100,0.08
run23,0.01,2,100,0.02
run240,0.05,69,100,0.69
run241,0.05,6,100,0.06
run242,0.05,18,100,0.18
run243,0.05,26,100,0.26
run244,0.05,56,100,0.56
run245,0.05,42,100,0.42
run246,0.05,24,100,0.24
run247,0.05,86,100,0.86
run248,0.05,56,100,0.56
run249,0.05,19,100,0.19
run24,0.01,60,100,0.6
run250,0.05,53,100,0.53
run251,0.05,28,100,0.28
run252,0.05,17,100,0.17
run253,0.05,94,100,0.94
run254,0.05,47,100,0.47
run255,0.05,8,100,0.08
run256,0.05,9,100,0.09
run257,0.05,12,100,0.12
run258,0.05,20,100,0.2
run259,0.05,41,100,0.41
run25,0.01,3,100,0.03
run260,0.05,41,100,0.41
run261,0.05,14,100,0.14
run262,0.05,4,100,0.04
run263,0.05,26,100,0.26
run264,0.05,65,100,0.65
run265,0.05,36,100,0.36
run266,0.05,95,100,0.95
run267,0.05,98,100,0.98
run268,0.05,33,100,0.33
run269,0.05,29,100,0.29
run26,0.01,2,100,0.02
run270,0.05,7,100,0.07
run271,0.05,31,100,0.31
run272,0.05,20,100,0.2
run273,0.05,8,100,0.08
run274,0.05,45,100,0.45
run275,0.05,35,100,0.35
run276,0.05,9,100,0.09
run277,0.05,59,100,0.59
run278,0.05,19,100,0.19
run279,0.05,57,100,0.57
run27,0.01,2,100,0.02
run280,0.05,41,100,0.41
run281,0.05,61,100,0.61
run282,0.05,18,100,0.18
run283,0.05,55,100,0.55
run284,0.05,65,100,0.65
run285,0.05,4,100,0.04
run286,0.05,19,100,0.19
run287,0.05,100,100,1.0
run288,0.05,4,100,0.04
run289,0.05,43,100,0.43
run28,0.01,7,100,0.07
run290,0.05,56,100,0.56
run291,0.05,26,100,0.26
run292,0.05,27,100,0.27
run293,0.05,11,100,0.11
run294,0.05,54,100,0.54
run295,0.05,60,100,0.6
run296,0.05,36,100,0.36
run297,0.05,30,100,0.3
run298,0.05,52,100,0.52
run299,0.05,2,100,0.02
run29,0.01,3,100,0.03
run2,0.01,9,100,0.09
run300,0.075,17,100,0.17
run301,0.075,51,100,0.51
run302,0.075,46,100,0.46
run303,0.075,33,100,0.33
run304,0.075,45,100,0.45
run305,0.075,38,100,0.38
run306,0.075,53,100,0.53
run307,0.075,40,100,0.4
run308,0.075,41,100,0.41
run309,0.075,52,100,0.52
run30,0.01,0,100,0.0
run310,0.075,87,100,0.87
run311,0.075,31,100,0.31
run312,0.075,13,100,0.13
run313,0.075,81,100,0.81
run314,0.075,42,100,0.42
run315,0.075,36,100,0.36
run316,0.075,27,100,0.27
run317,0.075,61,100,0.61
run318,0.075,30,100,0.3
run319,0.075,25,100,0.25
run31,0.01,12,100,0.12
run320,0.075,100,100,1.0
run321,0.075,19,100,0.19
run322,0.075,62,100,0.62
run323,0.075,48,100,0.48
run324,0.075,40,100,0.4
run325,0.075,34,100,0.34
run326,0.075,48,100,0.48
run327,0.075,42,100,0.42
run328,0.075,100,100,1.0
run329,0.075,68,100,0.68
run32,0.01,0,100,0.0
run330,0.075,99,100,0.99
run331,0.075,78,100,0.78
run332,0.075,53,100,0.53
run333,0.075,54,100,0.54
run334,0.075,57,100,0.57
run335,0.075,46,100,0.46
run336,0.075,95,100,0.95
run337,0.075,63,100,0.63
run338,0.075,98,100,0.98
run339,0.075,67,100,0.67
run33,0.01,0,100,0.0
run340,0.075,11,100,0.11
run341,0.075,93,100,0.93
run342,0.075,41,100,0.41
run343,0.075,45,100,0.45
run344,0.075,100,100,1.0
run345,0.075,100,100,1.0
run346,0.075,90,100,0.9
run347,0.075,70,100,0.7
run348,0.075,96,100,0.96
run349,0.075,90,100,0.9
run34,0.01,2,100,0.02
run350,0.075,22,100,0.22
run351,0.075,100,100,1.0
run352,0.075,84,100,0.84
run353,0.075,65,100,0.65
run354,0.075,55,100,0.55
run355,0.075,46,100,0.46
run356,0.075,50,100,0.5
run357,0.075,46,100,0.46
run358,0.075,25,100,0.25
run359,0.075,63,100,0.63
run35,0.01,9,100,0.09
run360,0.075,30,100,0.3
run361,0.075,87,100,0.87
run362,0.075,15,100,0.15
run363,0.075,28,100,0.28
run364,0.075,62,100,0.62
run365,0.075,15,100,0.15
run366,0.075,43,100,0.43
run367,0.075,94,100,0.94
run368,0.075,12,100,0.12
run369,0.075,24,100,0.24
run36,0.01,18,100,0.18
run370,0.075,100,100,1.0
run371,0.075,74,100,0.74
run372,0.075,51,100,0.51
run373,0.075,37,100,0.37
run374,0.075,100,100,1.0
run375,0.075,22,100,0.22
run376,0.075,27,100,0.27
run377,0.075,32,100,0.32
run378,0.075,100,100,1.0
run379,0.075,56,100,0.56
run37,0.01,3,100,0.03
run380,0.075,100,100,1.0
run381,0.075,55,100,0.55
run382,0.075,42,100,0.42
run383,0.075,58,100,0.58
run384,0.075,46,100,0.46
run385,0.075,100,100,1.0
run386,0.075,39,100,0.39
run387,0.075,17,100,0.17
run388,0.075,77,100,0.77
run389,0.075,35,100,0.35
run38,0.01,0,100,0.0
run390,0.075,19,100,0.19
run391,0.075,46,100,0.46
run392,0.075,50,100,0.5
run393,0.075,68,100,0.68
run394,0.075,45,100,0.45
run395,0.075,36,100,0.36
run396,0.075,54,100,0.54
run397,0.075,39,100,0.39
run398,0.075,67,100,0.67
run399,0.075,84,100,0.84
run39,0.01,16,100,0.16
run3,0.01,0,100,0.0
run400,0.1,100,100,1.0
run401,0.1,44,100,0.44
run402,0.1,44,100,0.44
run403,0.1,58,100,0.58
run404,0.1,37,100,0.37
run405,0.1,100,100,1.0
run406,0.1,34,100,0.34
run407,0.1,82,100,0.82
run408,0.1,29,100,0.29
run409,0.1,69,100,0.69
run40,0.01,5,100,0.05
run410,0.1,46,100,0.46
run411,0.1,68,100,0.68
run412,0.1,55,100,0.55
run413,0.1,34,100,0.34
run414,0.1,100,100,1.0
run415,0.1,59,100,0.59
run416,0.1,39,100,0.39
run417,0.1,100,100,1.0
run418,0.1,54,100,0.54
run419,0.1,27,100,0.27
run41,0.01,0,100,0.0
run420,0.1,70,100,0.7
run421,0.1,100,100,1.0
run422,0.1,49,100,0.49
run423,0.1,27,100,0.27
run424,0.1,53,100,0.53
run425,0.1,36,100,0.36
run426,0.1,66,100,0.66
run427,0.1,100,100,1.0
run428,0.1,42,100,0.42
run429,0.1,73,100,0.73
run42,0.01,0,100,0.0
run430,0.1,67,100,0.67
run431,0.1,86,100,0.86
run432,0.1,30,100,0.3
run433,0.1,44,100,0.44
run434,0.1,67,100,0.67
run435,0.1,42,100,0.42
run436,0.1,34,100,0.34
run437,0.1,21,100,0.21
run438,0.1,38,100,0.38
run439,0.1,87,100,0.87
run43,0.01,13,100,0.13
run440,0.1,14,100,0.14
run441,0.1,100,100,1.0
run442,0.1,51,100,0.51
run443,0.1,56,100,0.56
run444,0.1,34,100,0.34
run445,0.1,63,100,0.63
run446,0.1,63,100,0.63
run447,0.1,68,100,0.68
run448,0.1,40,100,0.4
run449,0.1,15,100,0.15
run44,0.01,2,100,0.02
run450,0.1,46,100,0.46
run451,0.1,75,100,0.75
run452,0.1,100,100,1.0
run453,0.1,55,100,0.55
run454,0.1,44,100,0.44
run455,0.1,67,100,0.67
run456,0.1,62,100,0.62
run457,0.1,100,100,1.0
run458,0.1,100,100,1.0
run459,0.1,66,100,0.66
run45,0.01,10,100,0.1
run460,0.1,13,100,0.13
run461,0.1,54,100,0.54
run462,0.1,56,100,0.56
run463,0.1,61,100,0.61
run464,0.1,31,100,0.31
run465,0.1,15,100,0.15
run466,0.1,50,100,0.5
run467,0.1,100,100,1.0
run468,0.1,39,100,0.39
run469,0.1,27,100,0.27
run46,0.01,100,100,1.0
run470,0.1,25,100,0.25
run471,0.1,59,100,0.59
run472,0.1,49,100,0.49
run473,0.1,60,100,0.6
run474,0.1,66,100,0.66
run475,0.1,38,100,0.38
run476,0.1,80,100,0.8
run477,0.1,100,100,1.0
run478,0.1,31,100,0.31
run479,0.1,58,100,0.58
run47,0.01,37,100,0.37
run480,0.1,33,100,0.33
run481,0.1,82,100,0.82
run482,0.1,52,100,0.52
run483,0.1,96,100,0.96
run484,0.1,44,100,0.44
run485,0.1,51,100,0.51
run486,0.1,89,100,0.89
run487,0.1,78,100,0.78
run488,0.1,18,100,0.18
run489,0.1,61,100,0.61
run48,0.01,2,100,0.02
run490,0.1,32,100,0.32
run491,0.1,49,100,0.49
run492,0.1,50,100,0.5
run493,0.1,84,100,0.84
run494,0.1,40,100,0.4
run495,0.1,94,100,0.94
run496,0.1,44,100,0.44
run497,0.1,28,100,0.28
run498,0.1,86,100,0.86
run499,0.1,55,100,0.55
run49,0.01,0,100,0.0
run4,0.01,3,100,0.03
run500,0.125,73,100,0.73
run501,0.125,77,100,0.77
run502,0.125,88,100,0.88
run503,0.125,94,100,0.94
run504,0.125,100,100,1.0
run505,0.125,97,100,0.97
run506,0.125,67,100,0.67
run507,0.125,85,100,0.85
run508,0.125,34,100,0.34
run509,0.125,93,100,0.93
run50,0.01,0,100,0.0
run510,0.125,14,100,0.14
run511,0.125,51,100,0.51
run512,0.125,60,100,0.6
run513,0.125,100,100,1.0
run514,0.125,80,100,0.8
run515,0.125,45,100,0.45
run516,0.125,96,100,0.96
run517,0.125,89,100,0.89
run518,0.125,100,100,1.0
run519,0.125,45,100,0.45
run51,0.01,11,100,0.11
run520,0.125,95,100,0.95
run521,0.125,44,100,0.44
run522,0.125,77,100,0.77
run523,0.125,100,100,1.0
run524,0.125,52,100,0.52
run525,0.125,100,100,1.0
run526,0.125,65,100,0.65
run527,0.125,78,100,0.78
run528,0.125,64,100,0.64
run529,0.125,68,100,0.68
run52,0.01,0,100,0.0
run530,0.125,46,100,0.46
run531,0.125,44,100,0.44
run532,0.125,59,100,0.59
run533,0.125,98,100,0.98
run534,0.125,92,100,0.92
run535,0.125,26,100,0.26
run536,0.125,100,100,1.0
run537,0.125,67,100,0.67
run538,0.125,86,100,0.86
run539,0.125,36,100,0.36
run53,0.01,3,100,0.03
run540,0.125,62,100,0.62
run541,0.125,95,100,0.95
run542,0.125,61,100,0.61
run543,0.125,66,100,0.66
run544,0.125,64,100,0.64
run545,0.125,66,100,0.66
run546,0.125,76,100,0.76
run547,0.125,46,100,0.46
run548,0.125,53,100,0.53
run549,0.125,66,100,0.66
run54,0.01,0,100,0.0
run550,0.125,44,100,0.44
run551,0.125,38,100,0.38
run552,0.125,87,100,0.87
run553,0.125,57,100,0.57
run554,0.125,100,100,1.0
run555,0.125,26,100,0.26
run556,0.125,33,100,0.33
run557,0.125,39,100,0.39
run558,0.125,29,100,0.29
run559,0.125,100,100,1.0
run55,0.01,4,100,0.04
run560,0.125,44,100,0.44
run561,0.125,73,100,0.73
run562,0.125,48,100,0.48
run563,0.125,100,100,1.0
run564,0.125,71,100,0.71
run565,0.125,46,100,0.46
run566,0.125,100,100,1.0
run567,0.125,95,100,0.95
run568,0.125,61,100,0.61
run569,0.125,83,100,0.83
run56,0.01,0,100,0.0
run570,0.125,35,100,0.35
run571,0.125,32,100,0.32
run572,0.125,70,100,0.7
run573,0.125,32,100,0.32
run574,0.125,64,100,0.64
run575,0.125,100,100,1.0
run576,0.125,50,100,0.5
run577,0.125,32,100,0.32
run578,0.125,58,100,0.58
run579,0.125,25,100,0.25
run57,0.01,4,100,0.04
run580,0.125,60,100,0.6
run581,0.125,49,100,0.49
run582,0.125,62,100,0.62
run583,0.125,50,100,0.5
run584,0.125,43,100,0.43
run585,0.125,29,100,0.29
run586,0.125,58,100,0.58
run587,0.125,48,100,0.48
run588,0.125,78,100,0.78
run589,0.125,38,100,0.38
run58,0.01,4,100,0.04
run590,0.125,39,100,0.39
run591,0.125,56,100,0.56
run592,0.125,38,100,0.38
run593,0.125,100,100,1.0
run594,0.125,42,100,0.42
run595,0.125,86,100,0.86
run596,0.125,63,100,0.63
run597,0.125,52,100,0.52
run598,0.125,75,100,0.75
run599,0.125,70,100,0.7
run59,0.01,0,100,0.0
run5,0.01,26,100,0.26
run600,0.15,89,100,0.89
run601,0.15,51,100,0.51
run602,0.15,56,100,0.56
run603,0.15,71,100,0.71
run604,0.15,65,100,0.65
run605,0.15,86,100,0.86
run606,0.15,66,100,0.66
run607,0.15,72,100,0.72
run608,0.15,35,100,0.35
run609,0.15,86,100,0.86
run60,0.01,2,100,0.02
run610,0.15,59,100,0.59
run611,0.15,75,100,0.75
run612,0.15,51,100,0.51
run613,0.15,59,100,0.59
run614,0.15,63,100,0.63
run615,0.15,65,100,0.65
run616,0.15,77,100,0.77
run617,0.15,87,100,0.87
run618,0.15,79,100,0.79
run619,0.15,45,100,0.45
run61,0.01,2,100,0.02
run620,0.15,93,100,0.93
run621,0.15,57,100,0.57
run622,0.15,42,100,0.42
run623,0.15,63,100,0.63
run624,0.15,81,100,0.81
run625,0.15,69,100,0.69
run626,0.15,87,100,0.87
run627,0.15,80,100,0.8
run628,0.15,100,100,1.0
run629,0.15,100,100,1.0
run62,0.01,0,100,0.0
run630,0.15,100,100,1.0
run631,0.15,80,100,0.8
run632,0.15,82,100,0.82
run633,0.15,78,100,0.78
run634,0.15,83,100,0.83
run635,0.15,16,100,0.16
run636,0.15,51,100,0.51
run637,0.15,56,100,0.56
run638,0.15,47,100,0.47
run639,0.15,64,100,0.64
run63,0.01,2,100,0.02
run640,0.15,47,100,0.47
run641,0.15,51,100,0.51
run642,0.15,49,100,0.49
run643,0.15,71,100,0.71
run644,0.15,90,100,0.9
run645,0.15,76,100,0.76
run646,0.15,98,100,0.98
run647,0.15,76,100,0.76
run648,0.15,100,100,1.0
run649,0.15,100,100,1.0
run64,0.01,3,100,0.03
run650,0.15,33,100,0.33
run651,0.15,71,100,0.71
run652,0.15,91,100,0.91
run653,0.15,58,100,0.58
run654,0.15,100,100,1.0
run655,0.15,73,100,0.73
run656,0.15,55,100,0.55
run657,0.15,83,100,0.83
run658,0.15,91,100,0.91
run659,0.15,76,100,0.76
run65,0.01,0,100,0.0
run660,0.15,74,100,0.74
run661,0.15,100,100,1.0
run662,0.15,92,100,0.92
run663,0.15,48,100,0.48
run664,0.15,100,100,1.0
run665,0.15,45,100,0.45
run666,0.15,64,100,0.64
run667,0.15,100,100,1.0
run668,0.15,47,100,0.47
run669,0.15,95,100,0.95
run66,0.01,6,100,0.06
run670,0.15,100,100,1.0
run671,0.15,76,100,0.76
run672,0.15,41,100,0.41
run673,0.15,100,100,1.0
run674,0.15,73,100,0.73
run675,0.15,75,100,0.75
run676,0.15,65,100,0.65
run677,0.15,76,100,0.76
run678,0.15,90,100,0.9
run679,0.15,58,100,0.58
run67,0.01,0,100,0.0
run680,0.15,100,100,1.0
run681,0.15,55,100,0.55
run682,0.15,100,100,1.0
run683,0.15,91,100,0.91
run684,0.15,96,100,0.96
run685,0.15,66,100,0.66
run686,0.15,100,100,1.0
run687,0.15,93,100,0.93
run688,0.15,83,100,0.83
run689,0.15,64,100,0.64
run68,0.01,0,100,0.0
run690,0.15,43,100,0.43
run691,0.15,77,100,0.77
run692,0.15,61,100,0.61
run693,0.15,100,100,1.0
run694,0.15,46,100,0.46
run695,0.15,94,100,0.94
run696,0.15,72,100,0.72
run697,0.15,69,100,0.69
run698,0.15,81,100,0.81
run699,0.15,82,100,0.82
run69,0.01,100,100,1.0
run6,0.01,16,100,0.16
run700,0.175,90,100,0.9
run701,0.175,70,100,0.7
run702,0.175,42,100,0.42
run703,0.175,53,100,0.53
run704,0.175,70,100,0.7
run705,0.175,73,100,0.73
run706,0.175,100,100,1.0
run707,0.175,100,100,1.0
run708,0.175,69,100,0.69
run709,0.175,64,100,0.64
run70,0.01,52,100,0.52
run710,0.175,99,100,0.99
run711,0.175,62,100,0.62
run712,0.175,79,100,0.79
run713,0.175,95,100,0.95
run714,0.175,61,100,0.61
run715,0.175,99,100,0.99
run716,0.175,100,100,1.0
run717,0.175,54,100,0.54
run718,0.175,70,100,0.7
run719,0.175,100,100,1.0
run71,0.01,6,100,0.06
run720,0.175,76,100,0.76
run721,0.175,64,100,0.64
run722,0.175,75,100,0.75
run723,0.175,91,100,0.91
run724,0.175,100,100,1.0
run725,0.175,74,100,0.74
run726,0.175,68,100,0.68
run727,0.175,88,100,0.88
run728,0.175,82,100,0.82
run729,0.175,77,100,0.77
run72,0.01,2,100,0.02
run730,0.175,93,100,0.93
run731,0.175,89,100,0.89
run732,0.175,40,100,0.4
run733,0.175,79,100,0.79
run734,0.175,75,100,0.75
run735,0.175,78,100,0.78
run736,0.175,89,100,0.89
run737,0.175,72,100,0.72
run738,0.175,100,100,1.0
run739,0.175,59,100,0.59
run73,0.01,0,100,0.0
run740,0.175,99,100,0.99
run741,0.175,69,100,0.69
run742,0.175,93,100,0.93
run743,0.175,59,100,0.59
run744,0.175,75,100,0.75
run745,0.175,100,100,1.0
run746,0.175,83,100,0.83
run747,0.175,100,100,1.0
run748,0.175,59,100,0.59
run749,0.175,62,100,0.62
run74,0.01,25,100,0.25
run750,0.175,38,100,0.38
run751,0.175,81,100,0.81
run752,0.175,100,100,1.0
run753,0.175,70,100,0.7
run754,0.175,57,100,0.57
run755,0.175,88,100,0.88
run756,0.175,51,100,0.51
run757,0.175,100,100,1.0
run758,0.175,85,100,0.85
run759,0.175,65,100,0.65
run75,0.01,2,100,0.02
run760,0.175,79,100,0.79
run761,0.175,73,100,0.73
run762,0.175,93,100,0.93
run763,0.175,61,100,0.61
run764,0.175,73,100,0.73
run765,0.175,100,100,1.0
run766,0.175,100,100,1.0
run767,0.175,90,100,0.9
run768,0.175,82,100,0.82
run769,0.175,69,100,0.69
run76,0.01,0,100,0.0
run770,0.175,59,100,0.59
run771,0.175,71,100,0.71
run772,0.175,84,100,0.84
run773,0.175,66,100,0.66
run774,0.175,94,100,0.94
run775,0.175,78,100,0.78
run776,0.175,95,100,0.95
run777,0.175,70,100,0.7
run778,0.175,100,100,1.0
run779,0.175,51,100,0.51
run77,0.01,26,100,0.26
run780,0.175,100,100,1.0
run781,0.175,83,100,0.83
run782,0.175,24,100,0.24
run783,0.175,100,100,1.0
run784,0.175,72,100,0.72
run785,0.175,100,100,1.0
run786,0.175,100,100,1.0
run787,0.175,79,100,0.79
run788,0.175,100,100,1.0
run789,0.175,69,100,0.69
run78,0.01,0,100,0.0
run790,0.175,70,100,0.7
run791,0.175,93,100,0.93
run792,0.175,92,100,0.92
run793,0.175,79,100,0.79
run794,0.175,85,100,0.85
run795,0.175,55,100,0.55
run796,0.175,67,100,0.67
run797,0.175,80,100,0.8
run798,0.175,53,100,0.53
run799,0.175,100,100,1.0
run79,0.01,0,100,0.0
run7,0.01,8,100,0.08
run800,0.2,65,100,0.65
run801,0.2,100,100,1.0
run802,0.2,87,100,0.87
run803,0.2,60,100,0.6
run804,0.2,100,100,1.0
run805,0.2,79,100,0.79
run806,0.2,100,100,1.0
run807,0.2,97,100,0.97
run808,0.2,88,100,0.88
run809,0.2,89,100,0.89
run80,0.01,71,100,0.71
run810,0.2,100,100,1.0
run811,0.2,57,100,0.57
run812,0.2,78,100,0.78
run813,0.2,95,100,0.95
run814,0.2,65,100,0.65
run815,0.2,88,100,0.88
run816,0.2,75,100,0.75
run817,0.2,77,100,0.77
run818,0.2,81,100,0.81
run819,0.2,75,100,0.75
run81,0.01,0,100,0.0
run820,0.2,77,100,0.77
run821,0.2,62,100,0.62
run822,0.2,72,100,0.72
run823,0.2,95,100,0.95
run824,0.2,100,100,1.0
run825,0.2,92,100,0.92
run826,0.2,97,100,0.97
run827,0.2,61,100,0.61
run828,0.2,70,100,0.7
run829,0.2,76,100,0.76
run82,0.01,0,100,0.0
run830,0.2,70,100,0.7
run831,0.2,82,100,0.82
run832,0.2,82,100,0.82
run833,0.2,71,100,0.71
run834,0.2,57,100,0.57
run835,0.2,66,100,0.66
run836,0.2,97,100,0.97
run837,0.2,100,100,1.0
run838,0.2,60,100,0.6
run839,0.2,76,100,0.76
run83,0.01,8,100,0.08
run840,0.2,76,100,0.76
run841,0.2,72,100,0.72
run842,0.2,73,100,0.73
run843,0.2,86,100,0.86
run844,0.2,92,100,0.92
run845,0.2,53,100,0.53
run846,0.2,43,100,0.43
run847,0.2,79,100,0.79
run848,0.2,88,100,0.88
run849,0.2,95,100,0.95
run84,0.01,0,100,0.0
run850,0.2,86,100,0.86
run851,0.2,71,100,0.71
run852,0.2,56,100,0.56
run853,0.2,100,100,1.0
run854,0.2,90,100,0.9
run855,0.2,82,100,0.82
run856,0.2,86,100,0.86
run857,0.2,43,100,0.43
run858,0.2,100,100,1.0
run859,0.2,92,100,0.92
run85,0.01,5,100,0.05
run860,0.2,63,100,0.63
run861,0.2,77,100,0.77
run862,0.2,82,100,0.82
run863,0.2,100,100,1.0
run864,0.2,91,100,0.91
run865,0.2,98,100,0.98
run866,0.2,95,100,0.95
run867,0.2,71,100,0.71
run868,0.2,76,100,0.76
run869,0.2,88,100,0.88
run86,0.01,4,100,0.04
run870,0.2,100,100,1.0
run871,0.2,63,100,0.63
run872,0.2,70,100,0.7
run873,0.2,84,100,0.84
run874,0.2,91,100,0.91
run875,0.2,76,100,0.76
run876,0.2,79,100,0.79
run877,0.2,82,100,0.82
run878,0.2,42,100,0.42
run879,0.2,100,100,1.0
run87,0.01,0,100,0.0
run880,0.2,76,100,0.76
run881,0.2,79,100,0.79
run882,0.2,43,100,0.43
run883,0.2,93,100,0.93
run884,0.2,100,100,1.0
run885,0.2,66,100,0.66
run886,0.2,71,100,0.71
run887,0.2,100,100,1.0
run888,0.2,100,100,1.0
run889,0.2,77,100,0.77
run88,0.01,0,100,0.0
run890,0.2,85,100,0.85
run891,0.2,100,100,1.0
run892,0.2,90,100,0.9
run893,0.2,69,100,0.69
run894,0.2,62,100,0.62
run895,0.2,67,100,0.67
run896,0.2,72,100,0.72
run897,0.2,82,100,0.82
run898,0.2,100,100,1.0
run899,0.2,94,100,0.94
run89,0.01,2,100,0.02
run8,0.01,0,100,0.0
run900,0.225,96,100,0.96
run901,0.225,93,100,0.93
run902,0.225,71,100,0.71
run903,0.225,79,100,0.79
run904,0.225,100,100,1.0
run905,0.225,89,100,0.89
run906,0.225,65,100,0.65
run907,0.225,87,100,0.87
run908,0.225,84,100,0.84
run909,0.225,87,100,0.87
run90,0.01,0,100,0.0
run910,0.225,69,100,0.69
run911,0.225,100,100,1.0
run912,0.225,93,100,0.93
run913,0.225,95,100,0.95
run914,0.225,100,100,1.0
run915,0.225,100,100,1.0
run916,0.225,78,100,0.78
run917,0.225,100,100,1.0
run918,0.225,100,100,1.0
run919,0.225,91,100,0.91
run91,0.01,4,100,0.04
run920,0.225,96,100,0.96
run921,0.225,89,100,0.89
run922,0.225,74,100,0.74
run923,0.225,76,100,0.76
run924,0.225,77,100,0.77
run925,0.225,67,100,0.67
run926,0.225,72,100,0.72
run927,0.225,100,100,1.0
run928,0.225,88,100,0.88
run929,0.225,91,100,0.91
run92,0.01,2,100,0.02
run930,0.225,78,100,0.78
run931,0.225,94,100,0.94
run932,0.225,73,100,0.73
run933,0.225,100,100,1.0
run934,0.225,86,100,0.86
run935,0.225,87,100,0.87
run936,0.225,90,100,0.9
run937,0.225,92,100,0.92
run938,0.225,79,100,0.79
run939,0.225,85,100,0.85
run93,0.01,0,100,0.0
run940,0.225,99,100,0.99
run941,0.225,82,100,0.82
run942,0.225,68,100,0.68
run943,0.225,93,100,0.93
run944,0.225,100,100,1.0
run945,0.225,100,100,1.0
run946,0.225,97,100,0.97
run947,0.225,100,100,1.0
run948,0.225,87,100,0.87
run949,0.225,90,100,0.9
run94,0.01,2,100,0.02
run950,0.225,100,100,1.0
run951,0.225,68,100,0.68
run952,0.225,78,100,0.78
run953,0.225,95,100,0.95
run954,0.225,100,100,1.0
run955,0.225,97,100,0.97
run956,0.225,100,100,1.0
run957,0.225,72,100,0.72
run958,0.225,100,100,1.0
run959,0.225,83,100,0.83
run95,0.01,0,100,0.0
run960,0.225,62,100,0.62
run961,0.225,100,100,1.0
run962,0.225,71,100,0.71
run963,0.225,100,100,1.0
run964,0.225,57,100,0.57
run965,0.225,76,100,0.76
run966,0.225,100,100,1.0
run967,0.225,82,100,0.82
run968,0.225,87,100,0.87
run969,0.225,87,100,0.87
run96,0.01,0,100,0.0
run970,0.225,53,100,0.53
run971,0.225,94,100,0.94
run972,0.225,71,100,0.71
run973,0.225,82,100,0.82
run974,0.225,90,100,0.9
run975,0.225,90,100,0.9
run976,0.225,79,100,0.79
run977,0.225,100,100,1.0
run978,0.225,83,100,0.83
run979,0.225,81,100,0.81
run97,0.01,2,100,0.02
run980,0.225,100,100,1.0
run981,0.225,84,100,0.84
run982,0.225,100,100,1.0
run983,0.225,86,100,0.86
run984,0.225,90,100,0.9
run985,0.225,74,100,0.74
run986,0.225,95,100,0.95
run987,0.225,100,100,1.0
run988,0.225,95,100,0.95
run989,0.225,89,100,0.89
run98,0.01,11,100,0.11
run990,0.225,100,100,1.0
run991,0.225,100,100,1.0
run992,0.225,82,100,0.82
run993,0.225,90,100,0.9
run994,0.225,67,100,0.67
run995,0.225,65,100,0.65
run996,0.225,100,100,1.0
run997,0.225,90,100,0.9
run998,0.225,86,100,0.86
run999,0.225,100,100,1.0
run99,0.01,10,100,0.1
run9,0.01,9,100,0.09
run,0.01,40,100,0.4
